Date,FII_FUT,FII_OPT
12-01-2009,-407.7,373.02
13-01-2009,-1444.12,565.73
14-01-2009,-470.55,370.88
15-01-2009,-303.3,206.83
16-01-2009,-1016.76,-26.07
20-01-2009,-122.7,-90
21-01-2009,14.68,60.54
22-01-2009,-712.76,46.47
23-01-2009,229.25,202.12
27-01-2009,-333.34,-51.14
28-01-2009,1138.84,-184.53
29-01-2009,1130.35,-124.44
30-01-2009,464.52,270.05
02-02-2009,28.9,-91.16
03-02-2009,-625.74,-12.88
04-02-2009,275.49,-20.63
05-02-2009,309.75,127.06
06-02-2009,-221.28,134.57
09-02-2009,375.65,-242.86
10-02-2009,344.99,202.3
11-02-2009,39.4,170.01
12-02-2009,20.41,-270.97
13-02-2009,-290.88,-181.62
17-02-2009,-733.54,-211.24
18-02-2009,-469.65,106.36
19-02-2009,-331.1,50.19
20-02-2009,113.34,117.11
24-02-2009,-914.49,224.85
25-02-2009,-39.12,123.21
26-02-2009,46.37,309.38
27-02-2009,-252.43,85.48
02-03-2009,-537.53,19.32
03-03-2009,-343.92,-5.51
04-03-2009,-456.71,219.77
05-03-2009,613.62,-46.92
06-03-2009,96.83,-23.57
09-03-2009,678.57,-96.69
12-03-2009,-174.55,-0.52
13-03-2009,177.32,253.54
16-03-2009,1048.68,197.24
17-03-2009,637.43,-65.3
19-03-2009,331.36,-104.09
20-03-2009,-122.73,7.29
23-03-2009,331.36,-104.09
24-03-2009,464.9,250.65
25-03-2009,371.18,-98.46
26-03-2009,332.73,-80.38
27-03-2009,186.21,-290.5
30-03-2009,165.94,22.4
31-03-2009,-994.3,-443.89
01-04-2009,-1143.52,-112.84
02-04-2009,337.91,176.52
06-04-2009,1615.5,-40.61
08-04-2009,186.46,79.66
09-04-2009,909.6,-636.83
13-04-2009,614.44,47.46
15-04-2009,466.26,-68.74
16-04-2009,535.19,-764.16
17-04-2009,-323.89,-526.34
20-04-2009,-396.21,103.15
21-04-2009,-693.51,63.06
22-04-2009,57,-103.59
23-04-2009,-556.21,182.08
24-04-2009,238.9,233.91
27-04-2009,-251.4,46.21
28-04-2009,-150.46,123.87
29-04-2009,-796.83,-114.05
04-05-2009,-256.23,434.68
05-05-2009,310.38,-39.53
06-05-2009,-261.48,102.6
07-05-2009,9.42,-207.38
08-05-2009,266.38,168.66
11-05-2009,-423.03,-353.35
12-05-2009,-184.2,209.8
13-05-2009,1131.67,174.16
14-05-2009,-199.42,20.61
15-05-2009,-584.75,-194.97
18-05-2009,487.55,51.28
19-05-2009,503.75,26.44
20-05-2009,-290.51,-1498.56
21-05-2009,-874.97,-1749.06
22-05-2009,-1055.8,-632.29
26-05-2009,-767.13,-243.46
27-05-2009,-1246.31,-121.09
28-05-2009,404,295.75
29-05-2009,-812.81,-112.12
01-06-2009,803.4,-504.47
02-06-2009,405.77,-313.58
03-06-2009,-427.75,-76.64
04-06-2009,375.88,-278.85
05-06-2009,-1013.21,-666.21
08-06-2009,1083.99,-15.62
09-06-2009,-731.37,-450.07
10-06-2009,267.71,-486.35
11-06-2009,658.12,197.6
12-06-2009,-581.35,156.27
15-06-2009,-231.21,338.94
16-06-2009,-397.96,-140.8
17-06-2009,-1191.12,-435.88
18-06-2009,-1306.28,6.49
19-06-2009,-220.36,-220.69
22-06-2009,423.48,220.43
23-06-2009,198.57,270.14
24-06-2009,-439.62,-158.21
25-06-2009,604.71,354.96
26-06-2009,-553.99,67.05
29-06-2009,1149.98,-284.5
30-06-2009,-149.82,-292.7
01-07-2009,-583.61,-303.17
02-07-2009,-238.21,-18.94
06-07-2009,558.6,262.7
07-07-2009,-982.78,-172.3
08-07-2009,207.02,341.28
09-07-2009,-250.12,274.1
10-07-2009,62.47,346.79
13-07-2009,83.37,675.59
14-07-2009,-271.96,313.51
15-07-2009,558.37,753.05
16-07-2009,543.18,456.15
17-07-2009,113.68,-11.28
20-07-2009,691.58,-272.23
21-07-2009,892.96,-385.13
22-07-2009,321.17,-391.2
23-07-2009,-508.59,-401.62
24-07-2009,153.03,-170.34
27-07-2009,-321.17,-31.22
28-07-2009,89.71,100.37
29-07-2009,34.3,-568.57
30-07-2009,-1157.54,-506.04
31-07-2009,-150.69,-1.86
03-08-2009,189.77,239.66
04-08-2009,358.38,67.41
05-08-2009,-427.08,62.9
06-08-2009,-53.94,-51.24
07-08-2009,-230.62,209.31
10-08-2009,-681.4,-231.04
11-08-2009,118,380.81
12-08-2009,11.25,498.08
13-08-2009,-298.53,-188.19
14-08-2009,572.52,503.69
17-08-2009,-239.82,-155.37
18-08-2009,-163.03,-446.02
19-08-2009,-183.65,458.31
20-08-2009,-173.75,136.27
21-08-2009,326.88,471.37
24-08-2009,213.92,220.51
25-08-2009,984.74,597.63
26-08-2009,111.9,-156.02
27-08-2009,178.36,19.81
28-08-2009,-111.93,-120.08
31-08-2009,-288.43,-209.17
01-09-2009,464.6,-498.33
02-09-2009,822.77,-88.49
03-09-2009,-749.01,-453.86
04-09-2009,-35.26,-6.12
08-09-2009,1117.26,288.37
09-09-2009,815.79,199.32
10-09-2009,495.54,209.09
14-09-2009,115.4,-110.84
15-09-2009,-350.7,-6.71
16-09-2009,295.25,635.43
17-09-2009,335.79,433.47
18-09-2009,-471.08,-617.25
22-09-2009,-802.64,-592.08
23-09-2009,199.64,-17.13
24-09-2009,-527.58,-730.3
25-09-2009,601.17,-847.27
29-09-2009,-359.31,-359.31
30-09-2009,157.94,417.37
01-10-2009,-444.33,487.6
05-10-2009,-552.55,271.81
06-10-2009,-682.36,-1030.66
07-10-2009,-241.42,-714.3
08-10-2009,369.4,76.33
09-10-2009,473.62,-788.58
12-10-2009,-629.55,-600.33
14-10-2009,492.77,-35.93
15-10-2009,338.83,-363.11
16-10-2009,-294.85,-751.11
20-10-2009,5.41,-35.68
21-10-2009,-362.78,102.64
22-10-2009,-747.27,-73.64
23-10-2009,-1124.99,-523.9
26-10-2009,299.82,141.28
27-10-2009,-1.41,30.27
28-10-2009,-1018.51,-739.31
29-10-2009,119.13,61.58
30-10-2009,-538.25,-316.63
03-11-2009,654.1,659.41
04-11-2009,-1163.98,262.38
05-11-2009,1058.21,576.84
06-11-2009,-320.71,417.35
09-11-2009,1315.44,286.41
10-11-2009,627.03,234.28
11-11-2009,197.49,112.19
12-11-2009,383.08,36.54
13-11-2009,-685.66,-772.12
16-11-2009,673.91,100.25
17-11-2009,-227.73,-175.81
18-11-2009,-320.95,-236.75
19-11-2009,382.67,100.53
20-11-2009,-738.32,-171.15
23-11-2009,-395.8,-725.39
24-11-2009,413.24,-307.83
25-11-2009,-250.25,78.09
27-11-2009,-948.38,-60.47
30-11-2009,-769.77,165.77
01-12-2009,664.95,524.73
02-12-2009,0,0
03-12-2009,0,0
04-12-2009,0,0
07-12-2009,0,0
08-12-2009,-557.95,-439.74
09-12-2009,-81.5,2.18
10-12-2009,-371.28,-607.23
11-12-2009,-266.27,214.79
14-12-2009,366.36,67.11
15-12-2009,193.34,-65.39
16-12-2009,-695.18,-225.91
17-12-2009,-600.74,-105.73
18-12-2009,-416.29,-10.71
21-12-2009,-1690.7,-73.02
22-12-2009,-600.34,146.14
23-12-2009,421.9,541.92
24-12-2009,977,190.92
29-12-2009,-271.7,-290.6
30-12-2009,540.81,-96.16
31-12-2009,43.98,-93.3
04-01-2010,-59.78,-342.74
05-01-2010,-45.64,-257.38
06-01-2010,1970.38,-253.47
07-01-2010,394.38,-108.59
08-01-2010,-944.06,-657
11-01-2010,-296.49,-599.51
12-01-2010,-566.98,-475.73
13-01-2010,-504.56,-564.69
14-01-2010,-716.22,-680.32
15-01-2010,410.04,-242.19
19-01-2010,-252.02,-100.16
20-01-2010,-682.19,-116.12
21-01-2010,-1068.73,334.05
22-01-2010,-3881.78,-411.41
25-01-2010,-1563.71,831.81
27-01-2010,234.62,142.87
28-01-2010,-1014.73,170.56
29-01-2010,1590,1089.39
01-02-2010,-430.22,-119.18
02-02-2010,544.48,23.83
03-02-2010,-418.34,239.25
04-02-2010,2447.19,452.03
05-02-2010,-196.62,-342.04
08-02-2010,-1917.18,185.93
09-02-2010,-295.75,-4.62
10-02-2010,1135.35,115.89
11-02-2010,879.3,306.62
16-02-2010,108.09,-1.38
17-02-2010,225.9,7.13
18-02-2010,805.56,263.11
19-02-2010,-349.87,133.51
22-02-2010,-602.6,-228.69
23-02-2010,354.21,380.53
24-02-2010,546.22,273.38
25-02-2010,-700.31,277.19
26-02-2010,-242.73,321.48
02-03-2010,1559.83,-347.58
03-03-2010,1221.88,539.48
04-03-2010,814,638
05-03-2010,-728,-196
08-03-2010,79,-160
09-03-2010,287,168
10-03-2010,24,-538
11-03-2010,335,-270
15-03-2010,-47.94,-207.25
17-03-2010,-645.57,208.44
18-03-2010,874.23,-117.5
19-03-2010,-106.46,42.99
22-03-2010,-32.25,-120.87
23-03-2010,-1102.31,-433.31
25-03-2010,578.54,-101.52
26-03-2010,238.84,-521.31
29-03-2010,220.4,-223.24
30-03-2010,231.53,-685.7
31-03-2010,-467.89,-71.64
01-04-2010,-683.29,-121.77
05-04-2010,248.12,-277.02
06-04-2010,1310.52,281.84
07-04-2010,350.99,70.84
08-04-2010,-120.78,-38.79
09-04-2010,-1408.21,-637.97
12-04-2010,362.67,-110.34
13-04-2010,12.76,-350.68
15-04-2010,-370.53,436.92
16-04-2010,-861.87,-32.07
19-04-2010,-1060.98,-278.02
20-04-2010,-829.12,-118.73
21-04-2010,-430.19,584.77
22-04-2010,-374.73,535.45
23-04-2010,-444.19,346.68
26-04-2010,66.28,345
27-04-2010,152.26,31.08
28-04-2010,-202.87,-148.41
29-04-2010,-864.43,-924.32
30-04-2010,-204.14,106.17
03-05-2010,-4.4,323.8
04-05-2010,-985.09,-392.3
05-05-2010,-738.83,-134.31
06-05-2010,-1039.14,0.82
07-05-2010,-940.78,21.66
10-05-2010,-492.02,444.06
11-05-2010,2446.42,656.34
12-05-2010,83.35,-243.29
13-05-2010,505.23,62.69
14-05-2010,1065.08,425.61
17-05-2010,-1424.34,-429.24
18-05-2010,-1272.05,-185
19-05-2010,456.59,380.51
20-05-2010,-1555.15,22.5
21-05-2010,-781.06,887.77
24-05-2010,-551.57,468.15
25-05-2010,280.09,827.88
26-05-2010,-568.42,159.41
27-05-2010,1194.08,1062.97
28-05-2010,831.88,193.37
01-06-2010,-386.66,181.75
02-06-2010,-901.52,5
03-06-2010,-174.79,390.02
04-06-2010,1782.07,474.02
07-06-2010,136.09,330.01
08-06-2010,-1665.08,-261.53
09-06-2010,-323.65,-50.19
10-06-2010,683.55,448.37
11-06-2010,242.77,406.32
14-06-2010,1019.11,485.28
15-06-2010,1316.07,-19.18
16-06-2010,622.5,-334.33
17-06-2010,1060.78,257.71
18-06-2010,359.06,120.05
21-06-2010,-131.67,-203.13
22-06-2010,425.52,-195.5
23-06-2010,-214.9,-746.29
24-06-2010,140.59,-472.61
25-06-2010,222.09,-953.14
28-06-2010,-1603.72,-235.93
29-06-2010,25.21,-50.41
30-06-2010,-1458.22,-375.98
01-07-2010,95.82,-276.93
02-07-2010,-1585.94,-544.02
06-07-2010,-370.22,-23.12
07-07-2010,1060.94,-146.18
08-07-2010,-222.49,-267.32
09-07-2010,1454.88,446.07
12-07-2010,1059.54,531.02
13-07-2010,609.42,590.31
14-07-2010,-49.73,-224.76
15-07-2010,-429.53,184.63
16-07-2010,-457.71,-175.23
19-07-2010,-67.65,418.41
20-07-2010,-378.48,-79.28
21-07-2010,-77.32,121.66
22-07-2010,73.23,338.9
23-07-2010,32.33,-127.99
26-07-2010,-49.76,566.01
27-07-2010,13.95,-277.19
28-07-2010,247.99,36.75
29-07-2010,-738.75,-658.32
30-07-2010,505.61,-671.12
02-08-2010,-424.43,-183.17
03-08-2010,638.84,367.87
04-08-2010,249.28,406.32
05-08-2010,-2.18,151.65
06-08-2010,-289.57,-5.33
09-08-2010,526.35,-598.69
10-08-2010,210.39,107.32
11-08-2010,-329.62,47.13
12-08-2010,-836.66,-279.93
13-08-2010,-697.73,-370.09
16-08-2010,485.79,-75.67
17-08-2010,114.23,-556.26
18-08-2010,160.95,-125.83
20-08-2010,432.99,321.01
23-08-2010,-781.04,-132.7
24-08-2010,-610.17,88.44
25-08-2010,-1160.17,-217.53
26-08-2010,-888.43,-288.39
27-08-2010,-238.33,-216.87
30-08-2010,-221.77,-87.05
31-08-2010,419.84,306.88
01-09-2010,-706.48,-242.87
02-09-2010,667.48,260.21
03-09-2010,944.25,229.72
07-09-2010,820.46,647.52
08-09-2010,-71.38,529.6
09-09-2010,-587.39,-58.42
13-09-2010,212.17,471.68
14-09-2010,25.38,594.72
15-09-2010,1624.79,-672.79
16-09-2010,63.22,-159.62
17-09-2010,-647.05,-853.13
20-09-2010,498.71,-124.46
21-09-2010,1276.62,-494.45
22-09-2010,-517.18,-618.09
23-09-2010,-1717.4,-860.26
24-09-2010,-1000.4,-758
27-09-2010,-698.46,-739.29
28-09-2010,268.24,-262.19
29-09-2010,-601.74,-476.89
01-10-2010,580.55,-481.73
04-10-2010,173.43,-637.77
05-10-2010,-892.45,-470.46
06-10-2010,-725.01,-1176.46
07-10-2010,285.96,-1117.39
08-10-2010,-63.61,-804.21
11-10-2010,-321.21,-1036.16
12-10-2010,212.17,-597.13
13-10-2010,-350.8,-896.79
14-10-2010,-202.18,-1004.44
15-10-2010,-65.24,-606.48
18-10-2010,-526.11,-663.38
19-10-2010,-174.13,-870.05
20-10-2010,480.68,-149.37
21-10-2010,-372.25,-261.43
22-10-2010,1114.63,-166.09
25-10-2010,149.68,-392.14
26-10-2010,650.74,-88.35
27-10-2010,-134.77,-852.89
28-10-2010,-372.11,-471.69
29-10-2010,-70.72,-145.62
01-11-2010,-1317.61,-255.93
02-11-2010,1516.15,-74.44
03-11-2010,-110.23,-773.57
04-11-2010,214.72,-244.27
08-11-2010,60.68,27.01
09-11-2010,-96.96,-151.63
10-11-2010,-885.57,260.33
11-11-2010,-816.51,-403.84
12-11-2010,-407.73,-305.14
15-11-2010,-1543.6,-466.2
16-11-2010,-682.11,150.41
18-11-2010,300.95,386.06
19-11-2010,-939.62,362.62
22-11-2010,3.55,258.02
23-11-2010,445.99,787.31
24-11-2010,-1591.97,547.78
26-11-2010,-679.01,535.24
29-11-2010,167.84,358.66
30-11-2010,697.57,526.08
01-12-2010,529.72,575.16
02-12-2010,937.07,753.24
03-12-2010,606.11,693.54
06-12-2010,333.19,481.82
07-12-2010,-594.12,232.73
08-12-2010,-791.14,-76.67
09-12-2010,-1276.38,-194.08
10-12-2010,450.26,3.85
13-12-2010,812.33,-90.56
14-12-2010,402.78,47.59
15-12-2010,744.9,-255.61
16-12-2010,-607.97,366.09
20-12-2010,-345.25,251
21-12-2010,142.29,307.66
22-12-2010,701.78,348.7
23-12-2010,130.35,-77.33
27-12-2010,586.8,-372.82
28-12-2010,357.32,-465.4
29-12-2010,-218.43,-374.66
30-12-2010,1493.56,-434.65
31-12-2010,506.56,246.93
03-01-2011,-73.74,-26.73
04-01-2011,-81.81,-295.92
05-01-2011,108.74,-486.8
06-01-2011,-1641.8,-494.69
07-01-2011,130.62,-433.83
10-01-2011,-1229.64,-627.81
11-01-2011,-525.33,462.46
12-01-2011,475.22,471.11
13-01-2011,-217.16,715.61
14-01-2011,-35.42,437.92
18-01-2011,606.13,339.97
19-01-2011,89.46,405.2
20-01-2011,195.52,409.14
21-01-2011,-813.89,333.71
24-01-2011,-922.59,226.78
25-01-2011,-260.99,548.78
27-01-2011,85.04,623.67
28-01-2011,-1171.8,-40.07
31-01-2011,-320.59,-412.41
01-02-2011,-479.66,-279.4
02-02-2011,729.73,3.12
03-02-2011,963.24,574.78
04-02-2011,-421.43,114.6
07-02-2011,-406.88,309.17
08-02-2011,132.33,314.76
09-02-2011,-484.98,208.07
10-02-2011,843.1,305.74
11-02-2011,-779.74,-104.89
14-02-2011,1230.46,81.36
15-02-2011,865.76,1057.04
16-02-2011,-844.56,416.59
18-02-2011,571.45,342.14
22-02-2011,-467.61,123.02
23-02-2011,0,0
24-02-2011,-382.26,-176.3
25-02-2011,0,0
28-02-2011,0,0
01-03-2011,1104.53,472.04
03-03-2011,1606.42,391.15
04-03-2011,200.18,-531.29
07-03-2011,-33.75,376.77
08-03-2011,-1922.97,-343.27
09-03-2011,418.18,-61.24
10-03-2011,93.51,31.96
11-03-2011,-547.21,-128.76
14-03-2011,-101.71,-318.19
15-03-2011,1261.89,-69.3
16-03-2011,-1614.33,-116.17
17-03-2011,706.95,288.26
18-03-2011,-565.7,-175.61
21-03-2011,-510.02,-272.61
22-03-2011,-97.23,-25.91
23-03-2011,1664.48,127.46
24-03-2011,358.5,-118.7
25-03-2011,685.94,-96.69
28-03-2011,3102.03,-229.08
29-03-2011,847.98,-80.53
30-03-2011,98.44,-107.86
31-03-2011,768.79,-292.45
01-04-2011,1337.64,-463.46
04-04-2011,-123.15,-647.51
05-04-2011,1392.87,-510.69
06-04-2011,-613.1,-575.39
07-04-2011,-117.32,-305.01
08-04-2011,-269.09,-358.98
11-04-2011,-788.38,-560.53
13-04-2011,-1950.96,-436.08
15-04-2011,-77.28,-1055.89
18-04-2011,-970.1,-574.42
19-04-2011,-55.74,-182.81
20-04-2011,-556.5,-212.1
21-04-2011,858.38,-121.46
25-04-2011,204.36,84.04
26-04-2011,32.7,-308.25
27-04-2011,-264.22,-543.44
28-04-2011,-384.85,-407.25
29-04-2011,191.45,-58.57
02-05-2011,-1240.94,-352.91
03-05-2011,-918.38,-252.08
04-05-2011,-1637.63,-593.84
05-05-2011,-611.47,-171.85
06-05-2011,-1346.81,277.65
09-05-2011,895.76,774.27
10-05-2011,539.33,252.75
11-05-2011,665.81,153.25
12-05-2011,21.75,255.59
13-05-2011,-1407.37,-31.77
16-05-2011,187.67,464.93
18-05-2011,-421.92,522.05
19-05-2011,111.49,44.95
20-05-2011,331.58,109.95
23-05-2011,66.48,451.93
24-05-2011,-816.46,-119.25
25-05-2011,85.1,81.56
26-05-2011,-780.57,79.66
27-05-2011,456.72,230.27
31-05-2011,-224.95,-9.17
01-06-2011,1121.69,398.04
02-06-2011,1290.68,-126.74
03-06-2011,135.55,-327.94
06-06-2011,33.42,-491.47
07-06-2011,-197.5,-253.28
08-06-2011,120.85,-177.89
09-06-2011,-268.19,-270.26
10-06-2011,-391.26,-145.51
13-06-2011,0,0
14-06-2011,333.47,-167.23
15-06-2011,-457.81,-512.84
16-06-2011,-732.24,-340.28
17-06-2011,-299.36,-138.33
20-06-2011,789.59,139.13
21-06-2011,492.07,236.85
22-06-2011,435.55,118.31
23-06-2011,161.64,-79.29
24-06-2011,2787.01,482.17
27-06-2011,-182.77,-304.23
28-06-2011,452.26,-488.31
29-06-2011,728.28,-52.28
30-06-2011,1091.19,-27.25
01-07-2011,-133.77,-157.53
05-07-2011,-158.1,-634.97
06-07-2011,10.33,-278.1
07-07-2011,601.05,-16.66
08-07-2011,-562.13,-698.75
11-07-2011,-678.48,-254.87
12-07-2011,-645.04,-376.96
13-07-2011,357.18,17.79
14-07-2011,-105.76,169.22
15-07-2011,-187.74,-206.51
18-07-2011,151.03,-144.16
19-07-2011,-874.41,-19
20-07-2011,56.43,-392.71
21-07-2011,-150.58,-107.2
22-07-2011,641.41,96.98
25-07-2011,79.15,-290.75
26-07-2011,-311.63,-896.59
27-07-2011,-665.48,-700.22
28-07-2011,-481.22,-326.21
29-07-2011,-904.28,33.64
01-08-2011,56.59,-70.96
02-08-2011,-630.81,-407.9
03-08-2011,-1354.39,-182.67
04-08-2011,-635.51,-157.94
05-08-2011,81.25,316.3
08-08-2011,126.99,531.65
09-08-2011,-168.53,718.87
10-08-2011,-29.5,-362.08
12-08-2011,-648.49,116.36
16-08-2011,799.31,514.16
17-08-2011,-139.78,190.36
18-08-2011,402.99,-383.21
22-08-2011,-632.26,257.95
23-08-2011,488.49,148.27
24-08-2011,338.61,166.95
25-08-2011,-179.66,381.77
26-08-2011,594.23,-126.3
29-08-2011,1079.13,361.22
30-08-2011,515.01,464.01
02-09-2011,539.17,413.98
06-09-2011,-1078.18,507.25
07-09-2011,282.3,458.61
08-09-2011,-23.09,603.5
09-09-2011,-715.89,146.42
12-09-2011,-1075.25,-83.85
13-09-2011,132.61,289.3
14-09-2011,-614.51,433.85
15-09-2011,254.5,401.08
16-09-2011,88.37,265.96
19-09-2011,-34.37,-254.07
20-09-2011,99.61,-321.37
21-09-2011,-88.97,-292.33
22-09-2011,-1813.16,-395.82
23-09-2011,-446.78,367.76
26-09-2011,-113.18,-89.73
27-09-2011,1255.82,432.52
28-09-2011,-58.35,16.92
29-09-2011,-87.95,-308.26
03-10-2011,-471.06,-179.03
04-10-2011,-589.16,-271.01
05-10-2011,74.53,-137.75
07-10-2011,1581.59,-34.61
10-10-2011,357.9,77.33
11-10-2011,631.45,-179.45
12-10-2011,581.41,102.93
13-10-2011,231.15,-49.17
14-10-2011,83.47,8.91
17-10-2011,140.56,-305.58
18-10-2011,-229.42,-319.44
19-10-2011,276.49,104.97
20-10-2011,-609.92,-526.57
21-10-2011,485.73,-402.91
24-10-2011,917.2,22.53
25-10-2011,200.72,-31.07
28-10-2011,1218.41,472.88
31-10-2011,-233.82,-582.88
01-11-2011,-497.97,-368.21
02-11-2011,-266.69,-363.49
03-11-2011,-434.46,-65.15
04-11-2011,314.43,36.63
08-11-2011,256.5,-217.86
09-11-2011,535.29,-275.29
11-11-2011,-1323.92,-479.21
14-11-2011,521.6,-89.88
15-11-2011,-924.47,-142.42
16-11-2011,-827.57,-126.09
17-11-2011,-1076.01,200.15
18-11-2011,-648.15,-14.55
21-11-2011,169.21,297.61
22-11-2011,108.96,386.92
23-11-2011,-1288.36,806.61
25-11-2011,-232.27,51.96
28-11-2011,531.08,529.61
29-11-2011,245.47,266.01
30-11-2011,363.13,608.18
01-12-2011,1035.88,311.93
02-12-2011,631.25,-394.04
05-12-2011,-216.27,-283.41
07-12-2011,539.81,-230.07
08-12-2011,-1080.54,-313.4
09-12-2011,-1091.51,102.12
12-12-2011,-235.31,122.57
13-12-2011,-507.62,49.87
14-12-2011,-310.75,-23.11
15-12-2011,-697.97,-6.48
16-12-2011,611.15,-182.82
19-12-2011,-1006.8,-27.5
20-12-2011,290.81,-197.45
21-12-2011,1493.86,68.04
22-12-2011,298.19,-331.93
23-12-2011,78.96,-101.24
27-12-2011,317.32,-52.19
28-12-2011,181.62,-12.1
29-12-2011,-105.56,-132.26
30-12-2011,-109,-141.73
03-01-2012,765.93,373.42
04-01-2012,-148.96,52.46
05-01-2012,313.55,79.42
06-01-2012,-9.01,-5
09-01-2012,107.69,-387.58
10-01-2012,1054.36,93
11-01-2012,271.74,38.41
12-01-2012,-114.54,217.9
13-01-2012,395.85,328.39
17-01-2012,1046.75,264.58
18-01-2012,-370.34,-6.47
19-01-2012,1133.35,536.29
20-01-2012,538.79,380.15
23-01-2012,323.45,76.41
24-01-2012,184.64,521.19
25-01-2012,-14.64,196.45
27-01-2012,164.72,522.17
30-01-2012,-1154.94,-159.75
31-01-2012,382.55,-26.33
01-02-2012,-427.18,-339.73
02-02-2012,328.76,596.65
03-02-2012,107.41,262.39
06-02-2012,318.57,-61.02
07-02-2012,692.95,-107.63
08-02-2012,184.33,-564.31
09-02-2012,-57.55,-259.17
10-02-2012,-1366,-436.24
13-02-2012,38.48,-98.97
14-02-2012,190.93,-444.89
15-02-2012,-329.57,-946.17
17-02-2012,800.41,446.17
21-02-2012,-55.41,-351.19
22-02-2012,-346.98,-696.09
23-02-2012,137.13,-284.62
24-02-2012,338.01,-672.46
27-02-2012,-763.03,-654.44
28-02-2012,940.35,-492.05
29-02-2012,-156.9,-275.16
01-03-2012,-351.6,-519.83
02-03-2012,20.66,10.01
05-03-2012,132.49,-34.4
06-03-2012,-376.4,301.97
07-03-2012,-742.67,-183.41
09-03-2012,491.21,39.23
12-03-2012,-673.82,292.07
13-03-2012,-47.33,131.77
14-03-2012,870.17,-296.68
15-03-2012,-502.91,-264.74
16-03-2012,341.51,-229.14
19-03-2012,-327.18,-154.76
20-03-2012,-193.32,240.54
21-03-2012,-988.61,-63.7
22-03-2012,-391.05,210.14
26-03-2012,-1434.59,-159.74
27-03-2012,-555.85,673.02
28-03-2012,173.36,282.21
29-03-2012,-540.28,680.91
30-03-2012,192.11,-113.13
03-04-2012,541.1,125.29
04-04-2012,-168.37,-151.06
09-04-2012,-1091.98,-260.51
10-04-2012,-687.25,245.67
11-04-2012,-311.1,143.87
12-04-2012,192.66,13.3
13-04-2012,214.5,-104.75
16-04-2012,-333.58,101.86
17-04-2012,503.41,-43.65
18-04-2012,589.46,-297
19-04-2012,653.11,-371.46
20-04-2012,-102.69,-498.84
23-04-2012,-508.25,-177.32
24-04-2012,-32.83,138.79
25-04-2012,-314.83,218.53
26-04-2012,-348.47,60.69
27-04-2012,14.51,4.23
30-04-2012,274.64,75.45
02-05-2012,79.59,-125.36
03-05-2012,-237.16,-216.02
04-05-2012,-1038.13,-177.85
07-05-2012,-58.9,-590.71
08-05-2012,-75.66,-104.39
09-05-2012,145.19,-191.32
10-05-2012,-45.54,160.53
11-05-2012,-379.35,-49.05
14-05-2012,-327.06,278.7
15-05-2012,-66.53,89.97
16-05-2012,-756.01,91.97
17-05-2012,-245.68,370.34
18-05-2012,-19.85,264.23
21-05-2012,-546.8,79.45
22-05-2012,571.92,247.39
23-05-2012,-812.25,177.19
24-05-2012,-660.81,638.56
25-05-2012,-397.67,208.56
29-05-2012,216.41,326.69
30-05-2012,-254.57,283.85
31-05-2012,-1251.78,146.09
01-06-2012,-495.97,123.3
04-06-2012,-347.83,105.81
05-06-2012,285.52,279.12
06-06-2012,-40.27,578.28
07-06-2012,1131.51,641.11
08-06-2012,-162.89,274.83
11-06-2012,527.04,-42.17
12-06-2012,-3.5,-249.92
13-06-2012,1076.56,-50.32
14-06-2012,-92.03,-244.94
15-06-2012,197.47,-192.93
18-06-2012,189.45,-359.62
19-06-2012,-253.99,-10.69
20-06-2012,185.98,-7.5
21-06-2012,122.11,-96.32
22-06-2012,150.31,-343.43
25-06-2012,-72.48,-266.62
26-06-2012,800.44,-161.92
27-06-2012,635.7,36.8
28-06-2012,31.23,45.83
29-06-2012,1568.34,-841.37
02-07-2012,-41.97,-52.11
03-07-2012,415.95,-151.91
05-07-2012,124,-355
06-07-2012,-329.68,-186.64
09-07-2012,64.71,-308.4
10-07-2012,-207.36,90.7
11-07-2012,-150.52,30213.18
12-07-2012,-415.52,-479.76
13-07-2012,-39.3,-292.46
16-07-2012,56.85,-96.35
17-07-2012,129.35,-411.32
18-07-2012,-272.75,-270.18
19-07-2012,653.93,112.35
20-07-2012,-207.46,-131.74
23-07-2012,-488.14,-312.42
24-07-2012,-254.96,109.99
25-07-2012,-447.63,74.54
26-07-2012,-442.07,-79.09
27-07-2012,1450.95,135.94
30-07-2012,-28.85,911.97
31-07-2012,187.15,156.56
01-08-2012,-59.46,89.67
02-08-2012,-86.81,-141.4
03-08-2012,-347.69,-146.88
06-08-2012,381.26,614.86
07-08-2012,676.87,542.31
08-08-2012,709.97,159.05
09-08-2012,27.23,-330.99
10-08-2012,-21.28,-624.94
13-08-2012,-27.7,-441.59
14-08-2012,289.48,-427.63
16-08-2012,-14.15,-341.15
17-08-2012,279.34,-166.11
21-08-2012,264.15,18.94
22-08-2012,183.79,-214.22
23-08-2012,-3.75,-77.41
24-08-2012,146.79,-571.75
27-08-2012,383.43,-550.59
28-08-2012,433.65,-581.87
29-08-2012,-6.81,-579.35
30-08-2012,945.2,-531.29
31-08-2012,-741.39,-271.77
04-09-2012,-317.46,-406.91
05-09-2012,-387.41,-513.69
06-09-2012,-296.25,139.07
07-09-2012,20.35,19.52
10-09-2012,-470.52,22.54
11-09-2012,102.69,142.31
12-09-2012,437.39,-28.3
13-09-2012,98.2,-160.6
14-09-2012,903.23,498.65
17-09-2012,1122.22,428.08
18-09-2012,113.92,-629.41
20-09-2012,-4.86,-429.49
21-09-2012,-408.98,-344.76
24-09-2012,-129.88,-387.84
25-09-2012,644.99,-610.31
26-09-2012,400.51,-769.31
27-09-2012,372.4,-187.21
28-09-2012,998.67,-579.55
01-10-2012,93.16,-299.93
03-10-2012,970.41,-73.7
04-10-2012,714.02,-157.66
05-10-2012,-616.25,-433.55
08-10-2012,228.06,-433.94
09-10-2012,-6.33,-87.38
10-10-2012,-1008.09,-424.31
11-10-2012,-125.81,-311.76
12-10-2012,-287.26,-279.81
15-10-2012,284.51,28.39
16-10-2012,-133.18,-150.92
17-10-2012,198.25,36.94
18-10-2012,35.46,45.06
19-10-2012,235.44,294.66
23-10-2012,88.11,-367.66
25-10-2012,904.52,-730.68
26-10-2012,-351.83,-50.07
31-10-2012,-162.51,201.89
01-11-2012,232.83,109.52
02-11-2012,720.43,253.08
05-11-2012,-116.17,-10.99
06-11-2012,-151.43,-20.86
07-11-2012,-118.31,54.97
08-11-2012,-399.42,-397.05
09-11-2012,-285.67,-372.56
12-11-2012,60.93,18.72
15-11-2012,-1256.46,-321.89
16-11-2012,35592.78,277.71
19-11-2012,-52.46,83.97
20-11-2012,278.16,270.81
21-11-2012,-108.81,257.17
23-11-2012,13.26,-99.07
26-11-2012,161.35,-27.11
27-11-2012,1342.09,139.83
29-11-2012,2346.88,-516.38
30-11-2012,596.2,-12.96
03-12-2012,-251.05,-73.24
04-12-2012,-308.94,-150.95
05-12-2012,-83.84,-238.89
06-12-2012,-106.78,-464.54
07-12-2012,369.46,-303.85
10-12-2012,103.1,-398.79
11-12-2012,487.18,-349.12
12-12-2012,-76,-348.4
13-12-2012,-349.83,-636.61
14-12-2012,-134.13,-21.83
17-12-2012,64.59,-479.27
18-12-2012,-14.31,-101.18
19-12-2012,-166.47,47.77
20-12-2012,-123.03,-55.7
24-12-2012,178.28,318.67
26-12-2012,163.03,-111.5
27-12-2012,-426.74,-886.73
28-12-2012,218.88,-152.41
31-12-2012,-250.46,-246.09
02-01-2013,373.89,-159.16
03-01-2013,432.57,56.68
04-01-2013,-254.71,-95.2
07-01-2013,-185.07,-367.27
08-01-2013,53.31,-239.87
09-01-2013,-15.4,-187.91
10-01-2013,56.22,-362.55
11-01-2013,179.97,298.94
14-01-2013,-92.43,244.21
15-01-2013,-103.06,67.34
16-01-2013,-343.3,195.79
17-01-2013,76.09,375.97
18-01-2013,215.96,12.8
22-01-2013,-33.35,-102.02
23-01-2013,-297.02,-310.67
24-01-2013,-312.98,333.87
28-01-2013,-36.2,108.54
29-01-2013,669.78,583.04
30-01-2013,333.71,-161.78
31-01-2013,-458.27,-533.83
01-02-2013,-99.98,-258.49
04-02-2013,-710.34,376.6
05-02-2013,-663.02,184.13
06-02-2013,-563.7,602.27
07-02-2013,-105.22,17.39
08-02-2013,-300.8,280.02
11-02-2013,318.7,296.28
12-02-2013,-236.53,171.42
13-02-2013,151.94,911.51
14-02-2013,-390.09,339.17
15-02-2013,-743.69,124.89
20-02-2013,365.55,127.8
21-02-2013,-485.73,82.64
22-02-2013,-699.02,371.4
25-02-2013,-431.84,291.93
26-02-2013,-1271.04,408.04
27-02-2013,1.4,1149.28
28-02-2013,-1498.33,513.24
01-03-2013,-263.01,570.49
04-03-2013,399.36,570.68
05-03-2013,175.13,655.37
06-03-2013,191.18,607.68
07-03-2013,409.58,203.77
08-03-2013,568.96,495.17
11-03-2013,-68.07,380.88
12-03-2013,-517.56,125.08
13-03-2013,-223.24,41.94
14-03-2013,45.42,-269.74
15-03-2013,298.38,-535.78
18-03-2013,-699.3,-20.71
19-03-2013,-805.54,-27.37
20-03-2013,-362.44,-34.32
21-03-2013,-129.55,525.04
22-03-2013,-316.19,149.74
25-03-2013,198.01,-2.32
26-03-2013,-385.09,236.4
28-03-2013,-417.56,84.87
02-04-2013,137.94,108.34
03-04-2013,-722.15,501.7
04-04-2013,-985.12,221.52
05-04-2013,-1106.02,119.85
08-04-2013,-324.92,82.24
09-04-2013,-14.84,715.67
10-04-2013,267.51,940.03
12-04-2013,-401.79,-39.02
15-04-2013,-110.52,342.93
16-04-2013,1264.98,370.43
17-04-2013,407.22,-14.05
18-04-2013,784.44,-79.59
22-04-2013,1217.73,-453.89
23-04-2013,930.63,-560.86
25-04-2013,3716.23,-133.91
26-04-2013,290.2,-479.41
29-04-2013,7.43,-387.92
30-04-2013,-27.62,-198.57
02-05-2013,662.55,-763.12
03-05-2013,-12.61,-684.58
06-05-2013,421.95,-114.52
07-05-2013,540.46,-523.57
08-05-2013,1081.59,-404.01
09-05-2013,326.97,-243.68
10-05-2013,1.65,4.66
13-05-2013,-38.68,-279.14
14-05-2013,324.17,-178.12
15-05-2013,246.06,-383.52
16-05-2013,62.2,-195.22
17-05-2013,-310.18,-107.7
20-05-2013,116.14,-270.59
21-05-2013,384.71,-209.38
22-05-2013,561.22,-267.67
23-05-2013,-495.37,77.55
24-05-2013,227.03,-245.72
28-05-2013,574.47,-211.74
29-05-2013,415.84,-61.09
30-05-2013,1168.14,-234.71
31-05-2013,-1827.54,262.12
03-06-2013,-1075.64,369.43
04-06-2013,-419.99,-48.52
05-06-2013,-597.18,-261.22
06-06-2013,-1134.78,-44.01
07-06-2013,-508.97,-75.73
10-06-2013,-2.32,74.87
11-06-2013,-1857.98,-433.03
12-06-2013,-483.47,-235.13
13-06-2013,-483.99,4.23
14-06-2013,546.74,353.62
17-06-2013,-320.89,477.11
18-06-2013,-320.71,562.08
19-06-2013,-360.37,628.88
20-06-2013,-1070.58,321.99
21-06-2013,-268.72,579.07
24-06-2013,-32.6,452.55
25-06-2013,-576.52,414.18
26-06-2013,57.28,467.95
27-06-2013,47.22,1063.87
28-06-2013,89.28,151.12
02-07-2013,-154.12,86.79
03-07-2013,-705.65,80.8
05-07-2013,123.95,164.36
08-07-2013,-446.49,299.07
09-07-2013,339.28,-371.32
10-07-2013,-172.88,236.09
11-07-2013,1536.18,-37.14
12-07-2013,71.04,543.33
15-07-2013,-214.55,237.23
16-07-2013,-264.83,-438.29
17-07-2013,220.03,93.73
18-07-2013,30.02,324.23
19-07-2013,511.43,-395.17
22-07-2013,713.48,-173.64
23-07-2013,1030.62,-83.21
24-07-2013,481.23,-675.24
25-07-2013,332.96,-117.76
26-07-2013,-194.6,20.33
29-07-2013,23.57,-119.52
30-07-2013,-858.76,-154.29
31-07-2013,-1132.09,-6.44
01-08-2013,37.8,405.8
02-08-2013,-564.75,205.54
05-08-2013,-356.58,100.78
06-08-2013,-534.97,-21.59
08-08-2013,392.44,-313.24
12-08-2013,-101.15,347.77
13-08-2013,-292.04,398.38
14-08-2013,-682.82,844.39
16-08-2013,-987.2,744.82
19-08-2013,-1215.81,320.54
20-08-2013,-159.44,557.81
21-08-2013,198.84,1405.6
22-08-2013,-662.4,800.52
26-08-2013,-963.77,570.53
27-08-2013,-542.14,400.26
28-08-2013,-370.3,986.48
29-08-2013,574.89,1273.76
30-08-2013,-155.13,457.15
03-09-2013,-1850.87,224.16
04-09-2013,647.83,317.87
05-09-2013,1198.09,395.27
06-09-2013,1064.7,778
10-09-2013,2957.61,-68.51
11-09-2013,-272.84,-314.57
12-09-2013,-343.57,-310.26
13-09-2013,6.51,-184.44
16-09-2013,-46.43,-242.75
17-09-2013,592.02,-193.49
18-09-2013,144.32,-520.2
19-09-2013,3010.27,-922.51
20-09-2013,-88.5,-748.22
24-09-2013,855.87,-637.43
25-09-2013,-129.95,-306.87
26-09-2013,1497.07,-324.33
27-09-2013,-243.02,-46.98
30-09-2013,-864.55,160.33
01-10-2013,-352.87,-64.76
03-10-2013,232.89,-198.83
04-10-2013,317.86,-43.66
07-10-2013,-268.36,-110.26
08-10-2013,-168.9,-3.27
09-10-2013,506.1,-451.52
10-10-2013,506.18,-232.94
11-10-2013,1012.27,-73.59
14-10-2013,709.23,-259.27
15-10-2013,794.93,-339.55
17-10-2013,155.44,-268.22
18-10-2013,664.8,-53.69
21-10-2013,167.21,-405.34
22-10-2013,109.6,-293.09
23-10-2013,-68.12,-268.86
25-10-2013,-254.87,-259.98
28-10-2013,111.17,-451.27
29-10-2013,1086.35,-165.15
30-10-2013,194.82,-115.83
31-10-2013,490.42,277.43
01-11-2013,-7.59,16.5
05-11-2013,-763.16,-188.15
06-11-2013,-932.81,-311.73
07-11-2013,10.55,-18.69
08-11-2013,-1087.27,-334.06
11-11-2013,-692.27,-560.62
12-11-2013,-167.27,-405.64
14-11-2013,114.42,406.53
18-11-2013,313.14,175.02
19-11-2013,72.23,-130.39
20-11-2013,-171.63,-522.57
21-11-2013,-1189.02,-266.1
22-11-2013,55.66,-101.26
25-11-2013,534.55,-90.05
26-11-2013,-16,-489.6
27-11-2013,-7.46,-97.7
29-11-2013,545.57,-17.83
02-12-2013,520.82,-139.92
03-12-2013,133.84,-315.49
04-12-2013,-435.8,-259.02
05-12-2013,771.76,697.45
06-12-2013,-18.09,-316
09-12-2013,1945,24.82
10-12-2013,183.26,-691.43
11-12-2013,86.6,-491.93
12-12-2013,-518.59,-596.07
13-12-2013,-901.83,-675.78
16-12-2013,-563.52,71.68
17-12-2013,-20.06,-23.11
18-12-2013,548.93,-140.46
19-12-2013,-574.31,-150.58
20-12-2013,347.37,234.49
23-12-2013,537.26,46.13
24-12-2013,212.55,-206.62
26-12-2013,706.98,-1131.2
27-12-2013,285.02,35.86
30-12-2013,-41.8,34.76
31-12-2013,13.62,-217.65
02-01-2014,-26.23,-89.01
03-01-2014,-608.74,-305.15
06-01-2014,-396.21,56.38
07-01-2014,-1329.45,134.41
08-01-2014,-452.16,-40.42
10-01-2014,145.19,-28.39
13-01-2014,-413.42,-3.23
15-01-2014,486.65,38.08
16-01-2014,367.44,-21.26
17-01-2014,-245.19,19.36
21-01-2014,63.79,-79.44
22-01-2014,92.12,-71.53
23-01-2014,123.18,-96.18
24-01-2014,-941.66,-115.81
27-01-2014,-567.83,-579.18
28-01-2014,15.64,-262.45
29-01-2014,-262.69,337.56
30-01-2014,-888.97,118.54
31-01-2014,-280.59,40.52
03-02-2014,-592.61,-20.49
04-02-2014,-267.25,-5.28
05-02-2014,-446.37,-13.56
06-02-2014,-247.15,142.41
07-02-2014,36.88,564.9
10-02-2014,53.48,17.57
11-02-2014,-534.1,259.65
12-02-2014,86.88,481.93
13-02-2014,-198.77,157.9
14-02-2014,-114.93,97.23
18-02-2014,625.07,-287.71
19-02-2014,181.53,-120.35
20-02-2014,-318.57,-324.86
21-02-2014,230.52,35.23
24-02-2014,601.8,-168.31
25-02-2014,1046.34,-275.29
26-02-2014,1383.72,-366.67
28-02-2014,-141.92,432.6
03-03-2014,-314.4,155.73
04-03-2014,705.3,320.31
05-03-2014,628.28,369.6
06-03-2014,961.33,346.41
07-03-2014,1909.11,1106.34
10-03-2014,-144.72,-88.87
11-03-2014,145.01,-587.56
12-03-2014,-73.71,-357.33
13-03-2014,426.9,-599.2
14-03-2014,-678.93,-567.99
18-03-2014,414.5,-632.37
19-03-2014,88.21,-240.92
20-03-2014,-132.81,-624.37
21-03-2014,-802.19,-583.05
24-03-2014,346.54,-731.43
26-03-2014,884.77,-554.25
27-03-2014,739.53,284.5
28-03-2014,59.07,89.55
02-04-2014,225.04,406.94
03-04-2014,-122.54,-125.25
04-04-2014,-599.32,-659.31
07-04-2014,98.35,-443.93
09-04-2014,120.96,-119.42
10-04-2014,-354.92,-353.95
11-04-2014,-304.87,-719.83
15-04-2014,-1028.54,-199.21
16-04-2014,196.58,-396.55
17-04-2014,716.44,-304.22
21-04-2014,377.94,-303.34
22-04-2014,923.08,-418.24
23-04-2014,1710.02,-952.84
25-04-2014,-931.95,-234.06
28-04-2014,-237.94,-102.81
29-04-2014,-427.56,-690.52
30-04-2014,-267.08,50.71
02-05-2014,-243.43,-38.81
05-05-2014,85.99,-228.72
06-05-2014,-444.43,-194.53
07-05-2014,-511.96,-339.18
08-05-2014,-300.18,-319.05
09-05-2014,593.7,-154.83
12-05-2014,-258.04,-41.51
13-05-2014,1500.28,-193.8
14-05-2014,-101.54,-1367.1
15-05-2014,232.04,-1457.89
16-05-2014,0,-2379.27
19-05-2014,581.04,-1156.29
20-05-2014,652.28,-1013.51
21-05-2014,264.69,-1106.28
22-05-2014,394.85,-487.35
23-05-2014,-444.39,-24.15
27-05-2014,15.55,-1002.13
28-05-2014,714.43,-588.08
29-05-2014,-100.02,-2920.17
30-05-2014,211.63,-839.94
02-06-2014,317.96,23.98
03-06-2014,-132.47,543.59
04-06-2014,-645.32,788.7
05-06-2014,-889.76,865.26
06-06-2014,-421.36,607.32
09-06-2014,364.06,-174.74
10-06-2014,-959.6,268.99
11-06-2014,77.62,508.1
12-06-2014,77.62,508.1
13-06-2014,-574.76,452.54
16-06-2014,78.17,-397.63
17-06-2014,-189.73,-1233
18-06-2014,216.13,308.03
19-06-2014,-460.67,183.54
20-06-2014,41.2,68.87
23-06-2014,-15.28,-457.44
24-06-2014,623.57,-279.54
25-06-2014,177.82,-508.67
26-06-2014,153.7,-1312.65
27-06-2014,-10.15,-896.37
30-06-2014,-324.23,-141.25
01-07-2014,-47.41,663.94
02-07-2014,560.98,76.14
03-07-2014,-266.88,-676.89
07-07-2014,-850.6,222.23
08-07-2014,-549.62,266.55
09-07-2014,-662.63,457.05
10-07-2014,-257.02,1012.51
11-07-2014,-533.84,672.18
14-07-2014,503.12,196.39
15-07-2014,67.29,312.04
16-07-2014,-24.73,741.06
17-07-2014,520,115.03
18-07-2014,-375.16,317.93
21-07-2014,294.99,410.13
22-07-2014,1200.6,724.94
23-07-2014,52.38,625.01
24-07-2014,-81.46,180.01
25-07-2014,-31.27,59.23
28-07-2014,32.04,-57.74
30-07-2014,638.69,-373.22
31-07-2014,79.96,-122.02
01-08-2014,-1145.73,518.75
04-08-2014,289.51,729.06
05-08-2014,-201.35,108.16
06-08-2014,-323.68,-190.58
07-08-2014,-419.31,210.39
08-08-2014,-2720.07,-270
11-08-2014,162.46,498.08
12-08-2014,1390.77,639.29
13-08-2014,717.77,248.26
14-08-2014,604.91,325.88
18-08-2014,217.7,672.67
19-08-2014,451.36,834.37
20-08-2014,276.72,180.19
21-08-2014,-157.58,674.61
22-08-2014,448.55,296.56
25-08-2014,191.55,168.4
26-08-2014,269.04,47.49
27-08-2014,437.8,205.47
28-08-2014,847.03,-328.29
02-09-2014,190.46,-87.42
03-09-2014,-333.52,530.91
04-09-2014,-591.32,-677.13
05-09-2014,-593.93,-630.97
08-09-2014,192.71,-80.32
09-09-2014,-267.63,-149.83
10-09-2014,-827.98,-759.18
11-09-2014,32.41,-512.47
12-09-2014,-496.93,-636.61
15-09-2014,-1394.92,-531.76
16-09-2014,-162.56,-29.99
17-09-2014,52.34,103.91
18-09-2014,644.82,80.87
19-09-2014,-43.29,96.3
22-09-2014,164.93,-328.66
23-09-2014,-315.61,-439.96
24-09-2014,-163.94,-558.62
25-09-2014,121.07,-865.61
26-09-2014,-213.3,-1004.31
29-09-2014,99.37,-144.84
30-09-2014,232,322.55
01-10-2014,72.26,124.62
07-10-2014,152.18,-303.89
08-10-2014,-195.89,-678.97
09-10-2014,566.29,-71.32
10-10-2014,-1463.85,-176.29
13-10-2014,-821.78,-21.45
14-10-2014,-302.97,93.41
16-10-2014,-724.67,362.54
17-10-2014,1030.18,-159.5
20-10-2014,1455.01,627.71
21-10-2014,398.53,-152.92
22-10-2014,751.09,-109.23
23-10-2014,0.07,12.5
27-10-2014,680.01,-210.46
28-10-2014,592.15,-600.19
29-10-2014,2166.72,-60.96
30-10-2014,1286.49,531.25
31-10-2014,1485.22,322.47
03-11-2014,163.56,-846.21
05-11-2014,721.73,-836.03
07-11-2014,332.44,-535.48
10-11-2014,-88.52,-393.05
11-11-2014,-347.63,-118.52
12-11-2014,179.68,556.49
13-11-2014,-394.9,-201.85
14-11-2014,-208.47,98.14
17-11-2014,-235.34,-473.37
18-11-2014,-163.85,180.07
19-11-2014,106.34,65.76
20-11-2014,227.21,-308.5
21-11-2014,226.35,-380.38
24-11-2014,49.62,-157.16
25-11-2014,-638.66,-306.94
26-11-2014,-113.94,-593.22
28-11-2014,1933.53,109.19
01-12-2014,-303.63,350.27
02-12-2014,-1295.79,-783.49
03-12-2014,-996.98,-437.12
04-12-2014,-756.81,16.85
05-12-2014,300.31,-130.34
08-12-2014,60.29,-1171.54
09-12-2014,210.5,-801.78
10-12-2014,-845.08,-426.29
11-12-2014,-723.53,-403.53
12-12-2014,351.66,-178.66
15-12-2014,178.63,-889.34
16-12-2014,-556.99,-1053.35
17-12-2014,-493.85,3.79
18-12-2014,36.09,310.65
19-12-2014,-79.95,355.37
22-12-2014,106.17,-63.02
23-12-2014,1418.11,-135.99
24-12-2014,-1303.17,-1646.18
26-12-2014,-20.55,-54.77
29-12-2014,548.28,-14.55
30-12-2014,472.52,-32.93
31-12-2014,130.81,-20.86
02-01-2015,-28.83,19.67
05-01-2015,-605.12,-26.05
06-01-2015,-2817.44,259.65
07-01-2015,-216.92,-192.83
08-01-2015,-176.83,508.18
09-01-2015,-62.16,574.39
12-01-2015,-244.68,-196.86
13-01-2015,440.83,-11.76
14-01-2015,178.2,-244.36
15-01-2015,3896.76,-290.41
16-01-2015,-848.13,1205.94
20-01-2015,1749.06,294.78
21-01-2015,483.32,114.88
22-01-2015,901.84,-501.3
23-01-2015,1371.99,-219.6
27-01-2015,1731.69,-756.98
28-01-2015,-1300.73,-487.61
29-01-2015,1867.48,-873.54
30-01-2015,72.08,-1608.46
02-02-2015,-3.39,-1886.57
03-02-2015,-474.2,-1549.75
04-02-2015,220.53,-876.95
05-02-2015,-575.5,274.94
06-02-2015,-1179.77,-369.44
09-02-2015,-1792.86,-197.63
10-02-2015,403.49,80.47
11-02-2015,-202.41,-7.92
12-02-2015,-619.4,-214.28
13-02-2015,1137.37,-430.22
18-02-2015,284.45,-289.78
19-02-2015,-503.09,47.26
20-02-2015,-641.75,-324.81
23-02-2015,121.86,530.24
24-02-2015,-251.9,446.62
25-02-2015,-931.1,385.62
26-02-2015,-870.93,-803.07
27-02-2015,1127.57,-107.21
02-03-2015,850.98,-295.01
03-03-2015,1184.64,-476.39
04-03-2015,-3.44,202.91
05-03-2015,76.05,-153.59
09-03-2015,-1884.68,174.95
10-03-2015,-809.86,335.19
11-03-2015,337.08,-297.03
12-03-2015,125.52,-98.87
13-03-2015,5.45,901.26
16-03-2015,-139.59,276.97
17-03-2015,-487.26,799.35
18-03-2015,-525.08,1311.48
19-03-2015,170.68,447.88
20-03-2015,-575.36,-18.54
23-03-2015,-427.13,-100.1
24-03-2015,420.76,-348.64
25-03-2015,-1386.7,-186.52
26-03-2015,-2167.2,-1468.15
27-03-2015,392.17,142.35
30-03-2015,-227.57,885.54
31-03-2015,587.9,631.11
01-04-2015,74.66,148.49
06-04-2015,-752.53,486.13
07-04-2015,-88.31,172.17
08-04-2015,1173.62,-257.54
09-04-2015,248.18,-260.58
10-04-2015,-214.09,-358.58
13-04-2015,-165.87,105.67
15-04-2015,783.26,-20.17
16-04-2015,-1071.5,-376.05
17-04-2015,408.67,-892.53
20-04-2015,-1338.53,-199.25
21-04-2015,318.7,-1293.93
22-04-2015,34.84,60.45
23-04-2015,-585.24,497.28
24-04-2015,-530.43,883.9
27-04-2015,-420.85,916.12
28-04-2015,-408.49,1263.64
29-04-2015,-197.15,315.47
30-04-2015,-504.06,-26.18
04-05-2015,-280.5,749.38
05-05-2015,-924.32,1030.4
06-05-2015,-1924.6,1832.18
07-05-2015,-946.63,983.61
08-05-2015,194.6,1115.36
11-05-2015,292.6,842.8
12-05-2015,178.16,1212.16
13-05-2015,-649.39,428.45
14-05-2015,-1661.89,111.49
15-05-2015,-131.08,124.86
18-05-2015,228.85,-76.46
19-05-2015,647.79,327.18
20-05-2015,853.05,-11.2
21-05-2015,-312.53,235.03
22-05-2015,327,9.47
26-05-2015,215.33,192.89
27-05-2015,-95.59,-538.06
28-05-2015,650.35,-646.33
29-05-2015,3822.21,-1250.4
01-06-2015,66.38,-207.32
02-06-2015,-2162.57,4.11
03-06-2015,-576.92,31.38
04-06-2015,-0.41,196.93
05-06-2015,-490.8,-49.63
08-06-2015,-199.8,363.96
09-06-2015,156.36,297.2
10-06-2015,32.32,31.75
11-06-2015,177.54,434.68
12-06-2015,119.82,-42.35
15-06-2015,-146.12,132.74
16-06-2015,-563.97,274.48
17-06-2015,-219.26,786.19
18-06-2015,144.57,1090.53
19-06-2015,-156.29,893.98
22-06-2015,1417.98,779.37
23-06-2015,1394.06,990.11
24-06-2015,1488.78,585.77
25-06-2015,2228.74,-1082.32
26-06-2015,-264.66,120.91
29-06-2015,546.85,-68.3
30-06-2015,352.68,179.61
01-07-2015,397.87,614.53
02-07-2015,361.88,551.18
06-07-2015,-854.17,-266.33
07-07-2015,956.93,-61.37
08-07-2015,-271.32,-899.17
09-07-2015,-1247.13,-496.96
10-07-2015,7.49,-1058.16
13-07-2015,15.54,-671.96
14-07-2015,888.69,-427.72
15-07-2015,1088.41,372.02
16-07-2015,1511.24,543.7
17-07-2015,263.89,-223.15
20-07-2015,-133.73,-686.21
21-07-2015,1256.16,-13.42
22-07-2015,-294.96,-263.32
23-07-2015,-582.27,-357.95
24-07-2015,-35.56,-321.92
27-07-2015,-1409.76,-798.72
28-07-2015,-120.33,-406.51
29-07-2015,-1391.7,-191.34
30-07-2015,-212.95,-65.26
31-07-2015,1153.15,341.33
03-08-2015,-188.32,462.95
04-08-2015,-231.31,849.48
05-08-2015,599.03,227.54
06-08-2015,266.07,-50.29
07-08-2015,85.03,-502.17
10-08-2015,613.5,-426.29
11-08-2015,-857.03,-91.24
12-08-2015,-2501.15,333.18
13-08-2015,-235.36,192.54
14-08-2015,435.06,-70.6
17-08-2015,-601.57,-37.33
18-08-2015,20.38,407.76
19-08-2015,-522.93,503.14
20-08-2015,-1770.77,342.65
21-08-2015,-2416.3,-439
24-08-2015,-411.3,1214.41
25-08-2015,1023.5,1299.45
26-08-2015,-88.74,243.46
27-08-2015,1384.78,9.5
28-08-2015,2512.12,431.52
31-08-2015,538.57,658.84
01-09-2015,-697.54,-191.9
02-09-2015,-1790.27,-168.75
03-09-2015,458.68,320.63
04-09-2015,-356.95,489.6
08-09-2015,803.4,-278.69
09-09-2015,387.95,1016.02
10-09-2015,-272.18,312.36
11-09-2015,240.57,442.28
14-09-2015,-32.79,488.05
15-09-2015,255.7,348.7
16-09-2015,-50.06,1038.36
18-09-2015,470.29,1089.91
21-09-2015,-1836.9,317.11
22-09-2015,-699.12,1248.38
23-09-2015,174.93,-263
24-09-2015,-632.47,39.35
28-09-2015,8.08,24.95
29-09-2015,-518.88,134.93
30-09-2015,-144.12,-110.59
01-10-2015,964.1,-130.57
05-10-2015,1626.93,671.36
06-10-2015,251.36,461.88
07-10-2015,1139.59,-462.69
08-10-2015,575.39,-631.37
09-10-2015,437.67,-534.27
12-10-2015,742.67,-65.48
13-10-2015,-386.94,-331.07
14-10-2015,-872.63,-688.38
15-10-2015,-104.61,-196.01
16-10-2015,-831.45,-457.61
19-10-2015,-402.89,237.92
20-10-2015,31.4,474.94
21-10-2015,148.78,54.43
23-10-2015,1850.16,-452.95
26-10-2015,1332.09,-474.81
27-10-2015,624.27,-644.99
28-10-2015,-1281.07,-1314.98
29-10-2015,-47.81,-997.74
30-10-2015,334.06,-77.28
02-11-2015,-256.04,-266.92
03-11-2015,403,117.39
04-11-2015,-293.27,-34.48
05-11-2015,-858.36,-1072.47
06-11-2015,-647.89,-435.4
09-11-2015,-1485.65,-186.52
10-11-2015,-19.42,67.08
13-11-2015,-1251.26,-343.35
16-11-2015,-645.56,-358.08
17-11-2015,-138.63,-181.2
18-11-2015,138.38,253.53
19-11-2015,23.41,389.61
20-11-2015,260.53,136.48
23-11-2015,403.26,288.97
24-11-2015,-141.24,380.81
27-11-2015,301.85,349.21
30-11-2015,756.68,-261.59
01-12-2015,-322.77,-204.03
02-12-2015,-506.26,-217.19
03-12-2015,-508.96,-222.36
04-12-2015,-965.73,-324.54
07-12-2015,34.79,-40.53
08-12-2015,-191.67,-192.57
09-12-2015,-122.6,81.2
10-12-2015,-120.35,-202.9
11-12-2015,-921.22,223.44
14-12-2015,164.73,124.15
15-12-2015,-437.88,2.9
16-12-2015,91.76,536.62
17-12-2015,-525.84,25.3
18-12-2015,437.28,-947.36
21-12-2015,52.88,-394.37
22-12-2015,-175.16,42.45
23-12-2015,354.39,100.66
28-12-2015,-89.72,609.9
29-12-2015,698.81,3.15
30-12-2015,330.48,-250.61
31-12-2015,-630.15,-196.72
04-01-2016,-39.54,-259.42
05-01-2016,33.87,-178.56
06-01-2016,-558.91,-56.85
07-01-2016,-1565.62,-82.34
08-01-2016,-355.55,-367.2
11-01-2016,-318.72,-612.72
12-01-2016,-248.46,-407.89
13-01-2016,322.1,530.99
14-01-2016,-104.97,376.11
15-01-2016,158.07,794.35
19-01-2016,390.81,243.07
20-01-2016,-86.94,646.96
21-01-2016,329.25,373.08
22-01-2016,556.61,859.34
25-01-2016,-981.98,846.2
27-01-2016,-619.33,852.27
28-01-2016,-1597.81,386.54
29-01-2016,1327.22,541.24
01-02-2016,364.95,259.76
02-02-2016,-50.99,-393.22
03-02-2016,-352.34,-295.75
04-02-2016,890.11,30.06
05-02-2016,23.63,-159.24
08-02-2016,-212.65,438.9
09-02-2016,607.72,-1294.16
10-02-2016,-417.58,-1268.73
11-02-2016,415.41,-265.47
12-02-2016,883.34,102.28
16-02-2016,1030.1,451.94
17-02-2016,-213.07,111.84
18-02-2016,442.52,690.9
19-02-2016,-846.36,-33.48
22-02-2016,-378.32,353.79
23-02-2016,216,867.3
24-02-2016,-491.26,350.68
25-02-2016,-2435.38,468.52
26-02-2016,734.48,667.74
29-02-2016,668,629.05
01-03-2016,706.18,495.1
02-03-2016,1188.84,966.32
03-03-2016,259.68,256.07
04-03-2016,147.42,300.19
08-03-2016,803.4,349.04
09-03-2016,154.62,-1253.49
10-03-2016,-28.53,-635.54
11-03-2016,931.61,-378.18
14-03-2016,861.07,-253.12
15-03-2016,553.68,-683.6
16-03-2016,-114.85,-955.38
17-03-2016,591.98,444.25
18-03-2016,490.91,-171.06
21-03-2016,250.89,-77.87
22-03-2016,200.32,-1126.5
23-03-2016,739.61,-1081.85
28-03-2016,-160.92,-1787.42
29-03-2016,207.5,-756.44
30-03-2016,394.63,-564.95
31-03-2016,3193.59,-658.47
01-04-2016,-386.84,-441.63
04-04-2016,97.39,-539.33
05-04-2016,-1224.08,323.66
06-04-2016,-769.96,505.93
07-04-2016,-1473.58,124.78
08-04-2016,-897.28,-307.66
11-04-2016,-28.83,-373.83
12-04-2016,116.6,-242.37
13-04-2016,1679.09,-70.83
18-04-2016,631.06,1026.46
20-04-2016,1328.06,-577.34
21-04-2016,-74.38,995.35
22-04-2016,540.75,60.24
25-04-2016,12.79,-43.2
26-04-2016,994.2,-870.91
27-04-2016,843.9,168.93
28-04-2016,103,-1351.16
29-04-2016,-268.25,-609.32
02-05-2016,-1340.33,-409.85
03-05-2016,-984.03,-401.17
04-05-2016,-1277.91,-627.21
05-05-2016,-993.1,102.26
06-05-2016,-989.07,84.74
09-05-2016,695.03,-856.87
10-05-2016,-377.58,-732.09
11-05-2016,-962.07,1072.03
12-05-2016,420.08,339.74
13-05-2016,-237.9,-324.05
16-05-2016,-193.48,-405.42
17-05-2016,296.49,403.49
18-05-2016,-1281.51,285.18
19-05-2016,-293.29,426.82
20-05-2016,-44.92,139.92
23-05-2016,325.92,385.8
24-05-2016,-373.23,351.47
25-05-2016,3343.41,167.63
26-05-2016,2348.09,1214.9
27-05-2016,2162.48,1014.1
31-05-2016,598.8,-253.85
01-06-2016,-286.54,560.75
02-06-2016,-159.07,83.16
03-06-2016,319.32,246.45
06-06-2016,516.59,-636.88
07-06-2016,257.16,-333.24
08-06-2016,-203.59,61.9
09-06-2016,697.55,-375.42
10-06-2016,323.29,-505.44
13-06-2016,-615.61,-1387.01
14-06-2016,-1880.94,-174.26
15-06-2016,-638.73,-227.15
16-06-2016,-439.39,-112.19
17-06-2016,-480.27,-90.85
20-06-2016,-1335.95,290.02
21-06-2016,-570.07,293.95
22-06-2016,-570.07,293.95
23-06-2016,320.06,362.29
24-06-2016,-1767.93,14.27
27-06-2016,-287.41,60.58
28-06-2016,-791.95,-309.05
29-06-2016,683.13,398.91
30-06-2016,2840.03,225.86
01-07-2016,254.31,18.8
05-07-2016,129.14,-345.06
07-07-2016,-224.38,-479.22
08-07-2016,-221.64,281.85
11-07-2016,1126.33,-548.75
12-07-2016,1148.66,-89.65
13-07-2016,673.03,154.03
14-07-2016,461.01,-464.8
15-07-2016,722.82,-773.57
18-07-2016,722.82,-773.57
19-07-2016,552.52,-236.28
20-07-2016,46.39,-874.53
21-07-2016,331.96,-46.48
22-07-2016,558.66,-483.55
25-07-2016,-288.08,-631.08
26-07-2016,394.49,-493.94
27-07-2016,83.28,-213.21
28-07-2016,81.19,-718.17
29-07-2016,84.61,-865.84
01-08-2016,631.73,-974.76
02-08-2016,3.86,-841.07
03-08-2016,-32.71,-1308.03
04-08-2016,711.3,-195.61
05-08-2016,480.91,-15.17
08-08-2016,404.49,-612.45
09-08-2016,156,-1121.67
10-08-2016,92.63,-576.17
11-08-2016,6.39,-956.69
12-08-2016,-173.66,612.83
16-08-2016,-106.99,430.54
17-08-2016,-125.37,265.91
18-08-2016,45.08,196.09
19-08-2016,232.84,158.68
22-08-2016,-456.82,-307.66
23-08-2016,-630.97,-524.23
24-08-2016,-254.55,371.82
25-08-2016,942.31,-1563.8
26-08-2016,1051.11,-152.74
29-08-2016,40.66,406.82
30-08-2016,2066.36,-454.32
31-08-2016,2885.77,204.38
01-09-2016,363.7,-405.1
02-09-2016,-399.19,401.03
06-09-2016,331.32,1173.83
07-09-2016,-26.97,-1015.09
08-09-2016,-55.8,-951.06
09-09-2016,-372.15,-1643.24
12-09-2016,-597.52,-922.21
14-09-2016,-551.17,-769.02
15-09-2016,-591.98,-517.72
16-09-2016,426.89,-522.01
19-09-2016,-431.12,101.11
20-09-2016,-89.07,-896.06
21-09-2016,443.68,-502.29
22-09-2016,-299.23,-127.39
23-09-2016,385.66,-349.39
26-09-2016,-1120.86,-686.53
27-09-2016,-356.02,-17.46
28-09-2016,134.78,-356.59
29-09-2016,875.74,-137.19
30-09-2016,-1379.94,488.67
03-10-2016,-159.12,662.86
04-10-2016,347.34,-30.98
05-10-2016,153.73,-388.93
06-10-2016,31.95,73.96
07-10-2016,-892.98,70.52
10-10-2016,-151.62,-308.73
13-10-2016,-2329.88,-52.38
14-10-2016,64.13,532.52
17-10-2016,-1032.46,1101.15
18-10-2016,-729.8,1223.37
19-10-2016,-111.65,111.16
20-10-2016,-396,588.93
21-10-2016,23.95,-267.56
24-10-2016,154.73,-334.71
25-10-2016,-763.55,189.15
26-10-2016,-232.18,-387.5
27-10-2016,819.22,-1812.53
28-10-2016,9.44,100.45
01-11-2016,-535.32,695.55
02-11-2016,-802.88,-63.39
03-11-2016,-416.17,-338.65
04-11-2016,-968.45,-600.3
07-11-2016,-235.78,953.28
08-11-2016,-302.48,546.35
09-11-2016,709.08,769.69
10-11-2016,204.55,558.08
11-11-2016,-1020.25,-1707.67
15-11-2016,-1356.34,-1012.67
16-11-2016,94.27,1018.65
17-11-2016,344.79,200.25
18-11-2016,-597.07,842.82
21-11-2016,1170.49,684.35
22-11-2016,370.55,1396.53
23-11-2016,-54.58,1457.58
25-11-2016,638.34,1033.86
28-11-2016,-122.89,752.81
29-11-2016,615.38,833.32
30-11-2016,658.55,370.82
01-12-2016,707.56,303.6
02-12-2016,242.27,-614.5
05-12-2016,-178.57,-207.03
06-12-2016,215.96,-90.79
07-12-2016,211.69,-348.19
08-12-2016,1440.51,211.07
09-12-2016,240.65,-192.03
12-12-2016,-60.68,-842.3
13-12-2016,235.69,-477.43
14-12-2016,-79.77,112.17
15-12-2016,-1520.42,-263.56
16-12-2016,-504.48,-149.45
19-12-2016,326.67,-662.97
20-12-2016,187.96,-941.75
21-12-2016,50.97,-299.99
22-12-2016,-786.55,-265.66
23-12-2016,-653.58,10.15
27-12-2016,-444.82,815.18
28-12-2016,1628.24,819.04
29-12-2016,703.23,471.3
30-12-2016,752.76,819.91
03-01-2017,-42.2,624.91
04-01-2017,181.46,317.74
05-01-2017,1673.6,347.58
06-01-2017,1673.6,347.58
09-01-2017,-173.43,-140.83
10-01-2017,-203.65,435.56
11-01-2017,743.99,1649.84
12-01-2017,1051.64,927.35
13-01-2017,90.68,-172.04
17-01-2017,-169.83,-304.82
18-01-2017,-895.51,166.7
19-01-2017,-209.71,589.15
20-01-2017,436.85,-655.85
23-01-2017,352.66,-26.03
24-01-2017,371.27,-46.31
25-01-2017,567.3,1441.16
27-01-2017,586.04,70.6
30-01-2017,-368.88,515.85
31-01-2017,-320,-996.23
01-02-2017,119.22,-447.02
02-02-2017,-258.84,-858.47
03-02-2017,-274.94,-58.83
06-02-2017,169.75,-505.38
07-02-2017,-38.81,-585.84
08-02-2017,603.39,-796.68
09-02-2017,600.11,-165.24
10-02-2017,242.88,75.8
13-02-2017,754.31,-393.36
14-02-2017,1321,-690.41
15-02-2017,688.67,-1666.91
16-02-2017,102.84,56.47
17-02-2017,-718.53,-5337.21
21-02-2017,-1017.21,340.71
22-02-2017,-272.14,306.04
23-02-2017,2430.7,36.51
27-02-2017,-156.79,-258.06
28-02-2017,-62.26,215.63
01-03-2017,169.09,-1224.4
02-03-2017,874.47,-265.34
03-03-2017,-1337.71,3.63
06-03-2017,-326.91,-194.25
07-03-2017,66.26,-1764.2
08-03-2017,291.91,-1200.39
09-03-2017,-617.09,-525.12
10-03-2017,-104.44,-924.53
14-03-2017,1837.13,499.16
15-03-2017,-236.99,-378.88
16-03-2017,857.97,-166.25
17-03-2017,-137.1,-424.6
20-03-2017,776.69,-1280.37
21-03-2017,-26.06,-2390.91
22-03-2017,1053.48,-1820
23-03-2017,101.39,-231.66
24-03-2017,-316.27,-81.04
27-03-2017,-488.12,-1029.07
28-03-2017,299.67,865.28
29-03-2017,754.67,210.97
30-03-2017,1244.16,-1542.04
31-03-2017,67.53,-304.46
03-04-2017,-99.62,156.54
05-04-2017,634.9,-291.36
06-04-2017,-927.79,-168.06
07-04-2017,-508.96,563.5
10-04-2017,-511.06,788.07
11-04-2017,-166.41,604.66
12-04-2017,-435.22,-105.3
13-04-2017,146.74,-556.58
17-04-2017,-79.08,-40.22
18-04-2017,-244.77,160.18
19-04-2017,-1027.03,269.08
20-04-2017,-239.39,-477.7
21-04-2017,-1238.64,-90.78
24-04-2017,403.38,1204.04
25-04-2017,-804.82,1805.75
26-04-2017,586.66,1381.97
27-04-2017,-681.81,-794.92
28-04-2017,-713.51,-533.5
02-05-2017,62.89,-176.2
03-05-2017,-439,-436.46
04-05-2017,-1088.47,476.93
05-05-2017,-237.68,-470.43
08-05-2017,-1083.42,681.72
09-05-2017,-394.89,382.93
11-05-2017,-154.71,434.36
12-05-2017,-916.41,-190.55
15-05-2017,-117.16,191.01
16-05-2017,-22.3,144.2
17-05-2017,-7.86,-21.01
18-05-2017,-140.65,-1123.77
19-05-2017,333.42,670.72
22-05-2017,-78.8,151.68
23-05-2017,509.8,463.11
24-05-2017,230.54,1286.73
25-05-2017,370.95,127.82
26-05-2017,884.24,-68.11
30-05-2017,36.2,829.23
31-05-2017,1129.48,-1071.84
01-06-2017,344.56,-549.49
02-06-2017,-210.38,-1.06
05-06-2017,194.91,477.37
06-06-2017,-199.27,-145.91
07-06-2017,-106.22,-18.78
08-06-2017,332.06,-351.58
09-06-2017,-1029.72,10.78
12-06-2017,-1303.84,-607.3
13-06-2017,-300.35,-120.98
14-06-2017,150.19,-309.88
15-06-2017,-577.9,-1006.67
16-06-2017,-276.07,-500.26
19-06-2017,145.49,-937.35
20-06-2017,320.92,-480.45
21-06-2017,-90.73,-1099.58
22-06-2017,88.65,-100.76
23-06-2017,898.45,-250.59
27-06-2017,621.36,-41.21
28-06-2017,-901.67,795.35
29-06-2017,-550.9,-476.88
30-06-2017,-639.96,984.31
03-07-2017,-533.08,1051.2
05-07-2017,164.08,765.34
06-07-2017,-543.59,896.34
07-07-2017,-761.08,192.2
10-07-2017,-999.7,2147.56
11-07-2017,93.6,1073.31
12-07-2017,-1286.38,202
13-07-2017,-620.43,1191.64
14-07-2017,-310.89,47.17
17-07-2017,278.75,72.3
18-07-2017,325.2,-1371.56
19-07-2017,206.44,-50.06
20-07-2017,-539.75,405.44
21-07-2017,215.49,1032.8
24-07-2017,-519.01,1407.05
25-07-2017,-998.42,282.1
26-07-2017,-800.99,697.55
27-07-2017,2097.43,-610.48
28-07-2017,-1744.05,150.13
31-07-2017,-425.72,201.98
01-08-2017,-420.64,-101.58
02-08-2017,-1060.19,-41.81
03-08-2017,-369.28,191.22
04-08-2017,-286.3,50.31
07-08-2017,-772.7,-376.32
08-08-2017,-417.07,26.15
09-08-2017,419.91,151.38
10-08-2017,470.67,359.35
11-08-2017,-1407.58,-88.16
14-08-2017,-452.64,571.26
16-08-2017,-1683.19,201.48
17-08-2017,-252.81,726.42
18-08-2017,-385.33,-664.37
21-08-2017,485.55,347.54
22-08-2017,209.35,168.27
23-08-2017,-1127.79,-50.25
24-08-2017,249.07,90.15
28-08-2017,-536.3,698.17
29-08-2017,241.43,-67.54
30-08-2017,765.29,63.22
31-08-2017,1185.19,-81
01-09-2017,293.52,92.96
05-09-2017,80.03,33.31
06-09-2017,-762.79,507.24
07-09-2017,-107.12,-274.59
08-09-2017,119.26,-61.47
11-09-2017,-246.72,164.62
12-09-2017,-298.65,211.26
13-09-2017,-531.77,62.92
14-09-2017,-483.55,57.69
15-09-2017,133.93,-1123.04
18-09-2017,-197.62,83.84
19-09-2017,-1028.75,9.18
20-09-2017,-469.13,128.52
21-09-2017,-375.56,-102.56
22-09-2017,1687.95,-125.57
25-09-2017,-721.77,-238.42
26-09-2017,-1263.26,320.37
27-09-2017,-249.79,489.43
28-09-2017,-2803.28,-82.74
29-09-2017,342.14,702.59
03-10-2017,323.83,1744.69
04-10-2017,801.8,1169.67
05-10-2017,-490.25,128.88
06-10-2017,311.54,435.82
09-10-2017,-29.61,-218.73
10-10-2017,-390.96,435.98
11-10-2017,767.75,884.64
12-10-2017,262.75,742.17
13-10-2017,807.89,362.72
16-10-2017,2485.96,-174.54
17-10-2017,258.23,-8.4
18-10-2017,24.41,-81.37
19-10-2017,24.41,-81.37
23-10-2017,-657.28,110.68
24-10-2017,-1348.36,-375.72
25-10-2017,-1097.71,2009.26
26-10-2017,-514.73,836.94
27-10-2017,-66.43,-223.79
30-10-2017,191.31,124.81
31-10-2017,-630.11,-314.84
01-11-2017,-49.3,224.55
02-11-2017,-759.72,-332.63
03-11-2017,-418.21,11.67
06-11-2017,-929.36,-733.38
07-11-2017,-767.51,-905.3
08-11-2017,-602.48,-2287.83
09-11-2017,-1112.36,-986.43
10-11-2017,-1785.08,-124.58
13-11-2017,278.89,-339.27
14-11-2017,-820.62,-1866.36
15-11-2017,-1324.58,-592.01
16-11-2017,-74.66,-498.95
17-11-2017,517.81,-804.8
20-11-2017,211.48,-612.62
21-11-2017,878.5,-1434.31
22-11-2017,141.85,-231.43
24-11-2017,348.55,-235.93
27-11-2017,-95.39,-12.8
28-11-2017,313.76,-724.73
29-11-2017,1281.25,-562.62
30-11-2017,-625.3,-2623.58
01-12-2017,-68.88,-465.63
04-12-2017,149.59,149.39
05-12-2017,-1978.63,277.62
06-12-2017,-446.38,518.06
07-12-2017,-914.22,-342.07
08-12-2017,-744.95,219.11
11-12-2017,109.91,54.11
12-12-2017,265.5,381.89
13-12-2017,767.5,130.96
14-12-2017,-661.17,611.17
15-12-2017,-89.65,630.9
18-12-2017,219.42,268.32
19-12-2017,220.45,487.4
20-12-2017,-347.51,1154.38
21-12-2017,-183.53,56.1
22-12-2017,-507.14,114.79
26-12-2017,-49.48,-115.71
27-12-2017,1377.6,87.37
28-12-2017,1621.41,-1476.28
29-12-2017,928.97,521.81
02-01-2018,-1030.26,-415.61
03-01-2018,-1011.17,41.43
04-01-2018,-448.21,-108.2
05-01-2018,-1201.49,90.7
08-01-2018,205.02,-33.42
09-01-2018,291.66,360.3
10-01-2018,-241.69,317.9
11-01-2018,-1186.34,152.74
12-01-2018,53.66,1086.38
16-01-2018,-37.21,881.8
17-01-2018,-667.18,1876.42
18-01-2018,679.38,1841.68
19-01-2018,-26,1309.84
22-01-2018,-1804.37,1077.01
23-01-2018,574.15,972.77
24-01-2018,1257.88,-647.39
25-01-2018,3944.96,1116.43
29-01-2018,-217.38,1009.15
30-01-2018,-1440.52,686.52
31-01-2018,-83.71,-752.46
01-02-2018,-168.55,752.84
02-02-2018,-1988.3,700.72
05-02-2018,-554.75,596.54
06-02-2018,-1638.24,1436.63
07-02-2018,-1751.08,1242.24
08-02-2018,244.35,1302.41
09-02-2018,-2557.58,-647.63
12-02-2018,-1481.12,37.62
14-02-2018,1039.41,98.07
15-02-2018,536.86,547.87
16-02-2018,-66.15,-174.73
20-02-2018,-1832.27,1011.94
21-02-2018,626.85,1239.35
22-02-2018,-1746.11,1687.15
23-02-2018,-694.44,1292.35
26-02-2018,1036.44,344.09
27-02-2018,783.31,428.07
28-02-2018,-353.29,363.22
01-03-2018,-667.7,-268.43
05-03-2018,-1487.85,-472.72
06-03-2018,510.64,709.37
07-03-2018,377.22,353.63
08-03-2018,324.71,373.78
09-03-2018,235.1,89.78
12-03-2018,2397.62,982.2
13-03-2018,-242.43,165.2
14-03-2018,-218.45,-308.54
15-03-2018,-732.82,-678.39
16-03-2018,-2221.57,-269.56
19-03-2018,-31.19,-323.52
20-03-2018,-1516.47,797.22
21-03-2018,-1291.98,1244.7
22-03-2018,224.29,611.22
23-03-2018,-2010.13,-239.44
26-03-2018,-2014.68,-38.96
27-03-2018,355.1,575.38
28-03-2018,-971.48,1115.24
02-04-2018,59.75,1172.8
03-04-2018,578.35,74.24
04-04-2018,-1152.2,59.01
05-04-2018,1194.77,1378.67
06-04-2018,-207.71,-58.52
09-04-2018,-231.86,-458.12
10-04-2018,1120.36,494.18
11-04-2018,620.05,-201.21
12-04-2018,315.26,245.03
13-04-2018,-248.69,835.71
16-04-2018,-18.41,37.75
17-04-2018,236.63,-431.88
18-04-2018,2319.75,-188.47
19-04-2018,791.62,264.37
20-04-2018,199.71,-425.4
23-04-2018,176.56,-130.49
24-04-2018,274.81,-65.43
25-04-2018,163.01,318.9
26-04-2018,761.71,1540.78
27-04-2018,669.11,1108.72
30-04-2018,229.4,-391.91
02-05-2018,-325.01,-476.87
03-05-2018,578.35,74.24
04-05-2018,-493.01,-255.28
07-05-2018,104.5,647.63
08-05-2018,-94.45,460.77
09-05-2018,216.75,109.66
10-05-2018,110.53,-317.79
11-05-2018,863.59,560.26
14-05-2018,200.85,117.92
15-05-2018,660.16,-145.31
16-05-2018,-636.83,-397.05
17-05-2018,-29.67,-243.54
18-05-2018,-1434.31,-240.29
21-05-2018,-673.09,-520.28
22-05-2018,-808.29,-20.01
23-05-2018,-1740,158.97
24-05-2018,-371.08,389.9
25-05-2018,538.42,406.68
29-05-2018,-336.06,406.52
30-05-2018,-832.29,270.15
31-05-2018,-643.06,1207.72
01-06-2018,-214.51,152.5
04-06-2018,553.49,-1587.03
05-06-2018,-498.9,-828.17
06-06-2018,-491.48,313.69
07-06-2018,100.7,694
08-06-2018,-852.69,127.31
11-06-2018,472.39,86.41
12-06-2018,-494.32,445.05
13-06-2018,-297.48,88.33
14-06-2018,-1303.79,-674.95
15-06-2018,603.91,385.12
18-06-2018,-576.07,-157.56
19-06-2018,-710.35,-282.13
20-06-2018,-1247.28,574.75
21-06-2018,267.81,-105.54
22-06-2018,-66.77,66.01
25-06-2018,-1481.82,-323.83
26-06-2018,-118.44,301.23
27-06-2018,10.04,194.14
28-06-2018,-2694.29,1435.17
29-06-2018,1442.66,102.96
02-07-2018,-349.84,459.04
03-07-2018,47.08,480.64
05-07-2018,704.32,192.34
06-07-2018,155.85,479.89
09-07-2018,869.53,-90.77
10-07-2018,1771.35,294.75
11-07-2018,708.07,766.38
12-07-2018,581.73,1164.94
13-07-2018,1459.29,517.27
16-07-2018,595.11,-464.88
17-07-2018,-375.85,268.61
18-07-2018,357.94,-601.65
19-07-2018,1079.67,110.34
20-07-2018,-985.49,594.26
23-07-2018,-603.54,-17.95
24-07-2018,-35.33,471.61
25-07-2018,-206.65,3.34
26-07-2018,-537.48,1296
27-07-2018,711.56,657.27
30-07-2018,-242.17,1003.62
31-07-2018,65.92,611.18
01-08-2018,1208.28,41.62
02-08-2018,-1069.99,-284.46
03-08-2018,-480.83,-19.52
06-08-2018,-146.27,348.53
07-08-2018,131.3,-21.17
08-08-2018,658.96,84.91
09-08-2018,-282.34,558.93
10-08-2018,-223.33,104.85
13-08-2018,-722.42,478.65
14-08-2018,-710.59,64.18
16-08-2018,-432.53,-20.65
17-08-2018,-695.42,855.43
20-08-2018,-118.17,603.4
21-08-2018,-368.04,-99.46
23-08-2018,358.39,5.34
24-08-2018,-47.06,-222.5
27-08-2018,657,857.04
28-08-2018,284.15,184.4
29-08-2018,-995.62,723.42
30-08-2018,896.5,801.03
31-08-2018,-1109.88,-985.42
04-09-2018,-335.69,-583.02
05-09-2018,-2328.36,-314.51
06-09-2018,-1154.99,123.54
07-09-2018,-362.13,212.59
10-09-2018,-630.59,-708.26
11-09-2018,-1676.1,-360.5
12-09-2018,-391.06,381.77
14-09-2018,458.35,220.73
17-09-2018,-616.61,-728.86
18-09-2018,964.99,-1161.83
19-09-2018,355.12,-59.14
21-09-2018,1564.03,615.54
24-09-2018,522.49,-1309.96
25-09-2018,-793.3,648.73
26-09-2018,279.44,706.55
27-09-2018,-1535.58,780.14
28-09-2018,702.31,874.12
01-10-2018,702.31,874.12
03-10-2018,-699.54,-49.55
04-10-2018,-3156.9,-365.03
05-10-2018,-1610.08,119.5
08-10-2018,917.8,1334.35
09-10-2018,79.97,376.81
10-10-2018,-1486.75,2279.81
11-10-2018,-1143.37,227.04
12-10-2018,528.66,524.9
15-10-2018,-1207.54,473.86
16-10-2018,186.31,318.44
17-10-2018,1076.78,43.98
19-10-2018,-437.92,-1663.67
22-10-2018,524.96,349.52
23-10-2018,-577.38,-190.89
24-10-2018,613.18,537.4
25-10-2018,-2605.28,-202.22
26-10-2018,-146.54,541.24
29-10-2018,279.44,2078.29
30-10-2018,200.76,134.21
31-10-2018,737.02,1172.34
01-11-2018,-263.36,956.97
02-11-2018,1380.85,445.88
05-11-2018,-481.2,-531.85
06-11-2018,440.05,-790.69
07-11-2018,164.74,11.6
09-11-2018,647.19,136.77
12-11-2018,-168.83,-146.85
13-11-2018,-111.38,-603.91
14-11-2018,91.79,-1215.1
15-11-2018,418.78,-568.26
16-11-2018,163.05,-443.65
19-11-2018,860.7,34.25
20-11-2018,170.51,-573.25
21-11-2018,-705.12,-111.04
26-11-2018,-167.79,475.21
27-11-2018,-704.67,-102.74
28-11-2018,1067.05,-570.72
29-11-2018,3302.53,657.39
30-11-2018,171.81,32.07
03-12-2018,401.26,350.44
04-12-2018,37.26,-399.11
06-12-2018,-1722.02,-1047.14
07-12-2018,616.73,854.88
10-12-2018,-1012.27,-851.55
11-12-2018,-635.95,672
12-12-2018,-488.6,-5.13
13-12-2018,2395.73,-95.57
14-12-2018,249.15,357.19
17-12-2018,-319.19,6.03
18-12-2018,-950.97,-259.53
19-12-2018,501.79,-71.11
20-12-2018,300.26,-552.07
21-12-2018,-315.71,-1204.35
24-12-2018,205.19,-645.81
26-12-2018,-754.74,-272.05
27-12-2018,1040.58,669.53
28-12-2018,632.22,824.28
31-12-2018,549.88,-9.49
02-01-2019,-817.09,-970.5
03-01-2019,-477.01,-913.41
04-01-2019,-351.08,145.3
07-01-2019,408.41,125.31
08-01-2019,-418.03,227.82
09-01-2019,460.48,-366.46
10-01-2019,426.23,321.98
11-01-2019,-539.53,204.89
14-01-2019,-989.68,558.2
15-01-2019,1153.09,595.17
16-01-2019,-818.08,171.17
17-01-2019,-598.54,445.11
18-01-2019,-398.34,537.6
22-01-2019,-460.44,763.72
23-01-2019,-314.65,-166.95
24-01-2019,-510.91,571.07
25-01-2019,1208.38,-294.19
28-01-2019,417.32,-460.12
29-01-2019,-466.16,-165.46
30-01-2019,2765.26,1160.91
01-02-2019,1711.35,856.54
04-02-2019,-184.77,110.51
05-02-2019,794.52,-320.55
06-02-2019,2817.98,865.83
07-02-2019,999.21,473.41
08-02-2019,-224.34,-798.57
11-02-2019,274.53,-551.92
12-02-2019,401.46,-546.13
13-02-2019,397.2,-301.22
14-02-2019,-3600.61,-499.52
15-02-2019,-1054.63,131.48
19-02-2019,774.14,163.76
20-02-2019,746.39,266.46
21-02-2019,-472.37,300.88
22-02-2019,75.58,-1086.29
25-02-2019,297.02,-902.45
26-02-2019,-698.27,561.74
27-02-2019,456.38,386.89
28-02-2019,1214.65,608.56
01-03-2019,169.96,-140.11
05-03-2019,143.93,559.49
06-03-2019,377.03,161.46
07-03-2019,532.84,-377.84
08-03-2019,-251.39,-1088.44
11-03-2019,-12.73,750.7
12-03-2019,1975.22,220.86
13-03-2019,1822.17,-908.1
14-03-2019,485.12,341.6
15-03-2019,2361.62,-2475.07
18-03-2019,827.98,-801.82
19-03-2019,287.54,-600.93
20-03-2019,51.07,-1148.33
22-03-2019,550.12,-1885.38
25-03-2019,-152.85,-785.22
26-03-2019,-1883.08,-701.86
27-03-2019,1508.54,291.06
28-03-2019,1814.99,1370.05
29-03-2019,-666.8,388.1
01-04-2019,504.9,340.39
02-04-2019,-74.91,646.5
03-04-2019,92.04,1356.29
04-04-2019,72.71,-167.47
05-04-2019,632.15,-511.37
08-04-2019,-864.98,-1039.35
09-04-2019,-211.62,-227.98
10-04-2019,-1169.69,-688.93
11-04-2019,28.42,-744.73
12-04-2019,-436.14,-414.14
15-04-2019,-222.37,-270.09
16-04-2019,740.95,-369.47
18-04-2019,1207.46,-17.49
22-04-2019,294.15,-454.3
23-04-2019,1793.91,193.2
24-04-2019,441.34,382.12
25-04-2019,151.9,578.7
26-04-2019,303.52,1021.81
30-04-2019,-1479.28,165.1
02-05-2019,-516.22,269.8
03-05-2019,153.41,547.63
06-05-2019,-912.66,-563.53
07-05-2019,-464.24,23.32
08-05-2019,-1128.93,-956.3
09-05-2019,-2068.36,-951.77
10-05-2019,-1296.26,362.19
13-05-2019,-137.68,186.31
14-05-2019,-702.06,409.49
15-05-2019,275.84,312.26
16-05-2019,-819.53,420.88
17-05-2019,311.22,591.65
20-05-2019,1070.87,792.96
21-05-2019,-86.41,-884.08
22-05-2019,135.85,-480.24
23-05-2019,-1413.63,-372.36
24-05-2019,-9.28,-364.69
28-05-2019,-947.31,133.18
29-05-2019,-734.17,-791.74
30-05-2019,2221.25,1025
31-05-2019,-404.59,2430.99
03-06-2019,2295.82,1358.8
04-06-2019,-1152.85,-748.72
06-06-2019,-1473.26,-210.96
07-06-2019,-287.28,307.19
10-06-2019,-75.53,231.33
11-06-2019,949.76,562.9
12-06-2019,-172.63,-282.65
13-06-2019,-278.16,-97.54
14-06-2019,365.56,-672.77
17-06-2019,58.03,-489.78
18-06-2019,118.7,52.57
19-06-2019,353.69,-574.85
20-06-2019,-236.99,1075.72
21-06-2019,-159.71,321.65
24-06-2019,-159.71,38.95
25-06-2019,316.68,-121.38
26-06-2019,-1103.42,694.16
27-06-2019,-839.21,916.9
28-06-2019,2671.31,1140.02
01-07-2019,-436.34,361.17
02-07-2019,446.81,-324.55
03-07-2019,-124.78,358.82
05-07-2019,-4.17,312.91
08-07-2019,-672.87,-67.07
09-07-2019,-2901.96,-897.52
10-07-2019,-1469.23,-235.53
11-07-2019,140.91,-219.63
12-07-2019,572.08,869.87
15-07-2019,170.94,296.02
16-07-2019,263.24,677.78
17-07-2019,-53.28,439.08
18-07-2019,-384.99,-203.76
19-07-2019,1367.84,-703.79
22-07-2019,-1058.68,-75.42
23-07-2019,-1086.12,717.92
24-07-2019,-599.11,-293.84
25-07-2019,-1262.69,-186.68
26-07-2019,-1177.71,417.64
29-07-2019,-1049.2,720.87
30-07-2019,-1637.94,190.63
31-07-2019,939.21,1198.77
01-08-2019,-1145.32,686.59
02-08-2019,-2048.76,-371.27
05-08-2019,-1014.66,1112.2
06-08-2019,-1155.55,1221.96
07-08-2019,-541.09,689.3
08-08-2019,-980.6,608.57
09-08-2019,269.9,362.85
13-08-2019,-271,47.42
14-08-2019,-152.61,-969.98
16-08-2019,914.19,197.94
19-08-2019,-294.26,-490.92
20-08-2019,-72.28,-326.99
21-08-2019,503.79,-561.97
22-08-2019,-137.16,-327.62
23-08-2019,-243.76,-125.36
26-08-2019,428.1,426.83
27-08-2019,621.78,742.93
28-08-2019,654.99,1784.31
29-08-2019,-1419.79,-287.06
30-08-2019,-1091.9,474.68
03-09-2019,864.12,1109.94
04-09-2019,213.52,-903.69
05-09-2019,1038.56,76.32
06-09-2019,-955.06,232.37
09-09-2019,308.54,-374.82
11-09-2019,221.33,-52.65
12-09-2019,40.86,498.48
13-09-2019,-1006.49,-200.26
16-09-2019,300.49,126.97
17-09-2019,-1633.36,-397.03
18-09-2019,592.18,364.76
19-09-2019,542.12,601.19
20-09-2019,-1700.12,-407.76
23-09-2019,5078.79,1681.64
24-09-2019,1693.06,804.75
25-09-2019,886.21,-818.25
26-09-2019,-166.32,-608.25
27-09-2019,1080.09,264.07
30-09-2019,-259.56,-1055.49
01-10-2019,700.75,-181.81
03-10-2019,164.27,-730.7
04-10-2019,-1062.53,96.77
07-10-2019,-724.81,129.2
09-10-2019,610.54,384.56
10-10-2019,-166.79,903.4
11-10-2019,-684.66,-226.75
14-10-2019,661.48,-681.07
15-10-2019,974.79,251.97
16-10-2019,743.67,357.95
17-10-2019,407.6,746.37
18-10-2019,793.86,1235.35
22-10-2019,-559.91,655.82
23-10-2019,1328.21,317.65
24-10-2019,-346.38,256.9
25-10-2019,-326.96,-369.4
29-10-2019,-2.74,36.49
30-10-2019,1243.28,227.2
31-10-2019,-996.61,-153.09
01-11-2019,-343.59,1368.68
04-11-2019,428.06,1095.13
05-11-2019,199.12,-271.02
06-11-2019,-113.63,-22.73
07-11-2019,295.75,-947.21
08-11-2019,327.92,190.29
11-11-2019,-249.99,172.09
13-11-2019,-490.98,-140.54
14-11-2019,-171.82,-387.59
15-11-2019,-441.64,465.46
18-11-2019,-656.11,-35.58
19-11-2019,-298.93,-123.59
20-11-2019,-62.99,-214.58
21-11-2019,-818.32,-42.76
22-11-2019,-162.22,-1204.86
25-11-2019,-832.53,-41.97
26-11-2019,1953.44,142.88
27-11-2019,3934.18,-776.77
29-11-2019,-758.71,1800.01
02-12-2019,-2002.41,191.21
03-12-2019,-306.88,2021.61
04-12-2019,-367.8,-604.78
05-12-2019,-736.13,393.2
06-12-2019,-664.93,-272.62
09-12-2019,240.48,-354.58
10-12-2019,15.3,667.26
11-12-2019,-141.99,-538.68
12-12-2019,-19.55,-282.37
13-12-2019,719.58,-64.34
16-12-2019,1043.82,261.33
17-12-2019,-596.67,-252.93
18-12-2019,-44.32,659.94
19-12-2019,667.46,208.11
20-12-2019,819.06,334.38
23-12-2019,708.38,1179.29
24-12-2019,611.77,804.37
26-12-2019,-466.54,-235.72
27-12-2019,-1082.91,-274.66
30-12-2019,73.52,807.17
31-12-2019,-337.84,-97.93
02-01-2020,292.13,-21.41
03-01-2020,-235.17,702.72
06-01-2020,-845.74,-17.26
07-01-2020,-976.67,-475.85
08-01-2020,1391.65,547.34
09-01-2020,-1220.3,548.4
10-01-2020,1444.53,188.98
13-01-2020,308.91,-405.29
14-01-2020,209.11,-93.89
15-01-2020,-73.15,321.68
16-01-2020,-910.2,-880.64
17-01-2020,-586.07,-215.91
21-01-2020,134.79,-646.84
22-01-2020,-552.19,-1017.97
23-01-2020,-927.29,-1738.58
24-01-2020,-416.21,-66.16
27-01-2020,-575.71,25.53
28-01-2020,-2274.32,-481.53
29-01-2020,-541.62,-1011.41
30-01-2020,440.73,890.86
31-01-2020,-1540.5,175.24
03-02-2020,-1411.04,-86.73
04-02-2020,406.18,783.78
05-02-2020,680.36,1677.31
06-02-2020,-320.31,481.79
07-02-2020,220.21,595.57
10-02-2020,-429.89,273.44
11-02-2020,-399.6,344
12-02-2020,1405.44,578.91
13-02-2020,1151.85,443.63
14-02-2020,-1235.49,522.8
18-02-2020,516.86,-611.16
19-02-2020,-454.57,-1100.97
20-02-2020,998.19,767.95
24-02-2020,-754.42,97.4
25-02-2020,-1245.45,-990.26
26-02-2020,1474.01,-1553.14
27-02-2020,-1264.26,-1477.38
28-02-2020,-2206.98,726.32
02-03-2020,-1635.53,2117.97
03-03-2020,3174.16,820.34
04-03-2020,228.72,2039.64
05-03-2020,-1561.16,582.65
06-03-2020,-343.65,1038.23
09-03-2020,-2982.29,763.28
11-03-2020,221.68,593.07
12-03-2020,1216.11,429.4
13-03-2020,-9.5,867.96
16-03-2020,2500.28,2100.82
17-03-2020,654.49,-1109.24
18-03-2020,860.15,1353.77
19-03-2020,300.22,1247.36
20-03-2020,48.98,1095.96
23-03-2020,2428.14,-1050.99
24-03-2020,736.67,-762.58
25-03-2020,3197.15,-1155.59
26-03-2020,-45.27,547.09
27-03-2020,-360.43,-256.23
30-03-2020,-29.19,482.32
31-03-2020,-967.08,2011.9
01-04-2020,1506.2,1256.31
03-04-2020,-1197.47,-22.75
07-04-2020,278.56,-309.92
08-04-2020,2368.3,648.77
09-04-2020,-413.11,-1166.75
13-04-2020,754.69,497.39
15-04-2020,-474.69,381.85
16-04-2020,1283.27,-195.06
17-04-2020,360.64,643.74
20-04-2020,-6.56,-728.65
21-04-2020,245.14,-465.77
22-04-2020,-1070.57,-683.51
23-04-2020,417.49,576.75
24-04-2020,138.57,-97.64
27-04-2020,-455.99,-105.42
28-04-2020,1548.49,-298.16
29-04-2020,692.04,391
30-04-2020,-65.62,477.64
04-05-2020,-293.92,2342.49
05-05-2020,-1605.79,-1385.95
06-05-2020,179.43,-175.41
07-05-2020,510.97,235.94
08-05-2020,-1628.42,-2977.24
11-05-2020,328.77,-1530.39
12-05-2020,806.2,-888.14
13-05-2020,-872.04,-195.47
14-05-2020,-48.87,469.46
15-05-2020,-1328.39,-692.24
18-05-2020,-619.86,-318.79
19-05-2020,-803.13,-521.54
20-05-2020,2331.69,1792.08
21-05-2020,216.41,156.45
22-05-2020,-471.11,490.28
26-05-2020,-670.62,-344.89
27-05-2020,188.9,-1413.04
28-05-2020,1664.34,911.52
29-05-2020,-353.58,2122.95
01-06-2020,-631.14,1374.44
02-06-2020,136.01,-351.12
03-06-2020,356.67,-483.8
04-06-2020,531.64,1635.53
05-06-2020,-1265.82,722.2
08-06-2020,-345.09,454.82
09-06-2020,-439.06,278.79
10-06-2020,226.19,972.63
11-06-2020,294.41,-149.32
12-06-2020,-923.2,-797.91
15-06-2020,-502,-839.68
16-06-2020,-355.02,-2027.23
17-06-2020,113.95,368.67
19-06-2020,172.1,1229.9
22-06-2020,511.13,1160.67
23-06-2020,75.53,-769.89
25-06-2020,-1050.99,460.29
26-06-2020,-1001.83,734.18
29-06-2020,-189.91,362.91
30-06-2020,-1241.9,-790.44
01-07-2020,366.66,491.09
02-07-2020,1114.84,132.42
03-07-2020,705.91,667.27
06-07-2020,504.02,39.31
07-07-2020,704.33,408.27
08-07-2020,-409.43,-637.66
09-07-2020,1002.36,-1175.97
10-07-2020,1330.82,-751.44
13-07-2020,-1610.02,-938.29
14-07-2020,-498.3,-829.62
15-07-2020,-1645.43,-1417.84
17-07-2020,-644.24,715.13
20-07-2020,652.35,294.01
21-07-2020,-68.11,-275.02
22-07-2020,857.03,-643.14
23-07-2020,337.4,-361.89
24-07-2020,220.37,-1280.62
27-07-2020,-1196.47,-1209.92
28-07-2020,499.92,-147.8
29-07-2020,993.1,362.82
30-07-2020,-819.01,-292.38
31-07-2020,538.86,395.41
03-08-2020,30.34,-629.1
04-08-2020,-2614.88,-1566.69
05-08-2020,1228.39,505.36
06-08-2020,-528.06,-367.32
07-08-2020,493.51,-596
11-08-2020,24.48,-641.4
12-08-2020,106.2,-2239.91
13-08-2020,-1163.41,-764.06
14-08-2020,766.88,-528.98
17-08-2020,413.12,-380.49
18-08-2020,1557.56,-102.25
19-08-2020,-161.19,38.81
20-08-2020,-250,-669.2
21-08-2020,-1696.62,-964.69
24-08-2020,1236.44,315.35
25-08-2020,786.14,428.43
26-08-2020,-144.09,-327.53
27-08-2020,360.4,-777.94
28-08-2020,600,-72.27
31-08-2020,350.69,-807.24
01-09-2020,-4067.78,-1344.11
02-09-2020,1036.08,-183.86
03-09-2020,-820.12,-607.94
04-09-2020,-771.89,-1175.8
07-09-2020,-696.11,-603.26
08-09-2020,652.99,-49.79
09-09-2020,211.17,438
10-09-2020,-725.67,191.37
11-09-2020,609.21,446.54
14-09-2020,-467.41,-237.85
15-09-2020,-828.95,99.97
16-09-2020,84.1,-301.28
17-09-2020,-413.55,-928.54
18-09-2020,-672.93,-1158.6
21-09-2020,1900.03,-1449.19
22-09-2020,431.66,-330.37
23-09-2020,-695.92,840.03
24-09-2020,-587.41,1322.04
25-09-2020,-1799.28,493.67
28-09-2020,1284.52,1538.02
29-09-2020,709.02,777.35
30-09-2020,-643.76,132.98
01-10-2020,724.78,236.23
05-10-2020,1476.47,-14.71
06-10-2020,-44.98,-834.64
07-10-2020,-513.95,-125.38
08-10-2020,781.42,-266.82
09-10-2020,1398.84,-237.31
12-10-2020,739,-1039.82
13-10-2020,-700.68,-947.98
14-10-2020,-59.08,-931.41
15-10-2020,-713.59,-629.86
16-10-2020,-107.27,221.78
19-10-2020,-42.25,139.17
20-10-2020,140.82,-644.92
21-10-2020,-284.56,-400.51
22-10-2020,150.68,136.63
23-10-2020,-318.56,-29.97
26-10-2020,-601.39,315.14
27-10-2020,-600.02,712.56
28-10-2020,-1115.77,2442.38
29-10-2020,-1905.32,1349.89
02-11-2020,-965.92,758.55
03-11-2020,1226.59,734.08
04-11-2020,479.86,745.27
05-11-2020,-289.69,763.91
06-11-2020,3440.99,588.14
09-11-2020,521.36,-23.1
10-11-2020,904.61,-754.61
11-11-2020,2016.85,-1000.12
12-11-2020,238.54,-392.15
13-11-2020,-1652.24,-155.06
17-11-2020,151.53,181.11
18-11-2020,1014.8,203.79
19-11-2020,446.94,-295.24
20-11-2020,-737.65,-1526.01
23-11-2020,648.99,-541.14
24-11-2020,73.25,-692.08
25-11-2020,-29.1,-907.5
26-11-2020,-1802.83,1247.56
27-11-2020,-117.46,2537.48
01-12-2020,1770.48,-3735.09
02-12-2020,-482.19,192.23
03-12-2020,-1081.91,461.74
04-12-2020,175.57,534.38
07-12-2020,897.07,-288.21
08-12-2020,-1129.79,-301.02
09-12-2020,-324.1,18.88
10-12-2020,597.66,-591.33
11-12-2020,-1310.72,-1179.21
14-12-2020,290.92,-363.26
15-12-2020,-811.83,-249.94
16-12-2020,-95.26,-177.21
17-12-2020,553.36,-57.51
18-12-2020,-374.54,-361.3
21-12-2020,-196.51,-391.55
22-12-2020,-264.93,1520.74
23-12-2020,589.48,1189.89
24-12-2020,-1378.99,190.17
28-12-2020,1102.21,-26.94
29-12-2020,432.46,-1024.65
30-12-2020,-286.9,-1019.46
31-12-2020,-468.35,269.65
01-01-2021,19.3,347.97
04-01-2021,-264.9,523.81
05-01-2021,942.7,781.2
06-01-2021,-176.46,-111.35
07-01-2021,-295.21,97.46
08-01-2021,217.1,170.76
11-01-2021,1132.95,684.91
12-01-2021,-1357.13,696.78
13-01-2021,-1206.12,-304.31
14-01-2021,-976.3,-1285.16
15-01-2021,9.1,-568.94
18-01-2021,-1063.32,-932.07
19-01-2021,-267.23,1326.64
20-01-2021,508.87,977.25
21-01-2021,-1313.48,-332.57
22-01-2021,1102.18,-195.36
25-01-2021,-1471.29,-467.01
27-01-2021,1868.73,671.97
28-01-2021,-1327.57,-182.91
29-01-2021,-1385.29,919.87
01-02-2021,-5.06,-182.93
02-02-2021,2134.72,1349.87
03-02-2021,-974.52,-920.89
04-02-2021,-68.79,-857.88
05-02-2021,-1555.11,518.42
08-02-2021,-460.7,-35.14
09-02-2021,490.57,908.54
10-02-2021,370.74,38.34
11-02-2021,140.97,-241.96
12-02-2021,2.12,-284.88
15-02-2021,-732.9,21.87
16-02-2021,522.92,307.13
17-02-2021,-607.65,-770.27
18-02-2021,-182.31,-650.52
22-02-2021,281.18,319.34
23-02-2021,749.46,201.93
24-02-2021,-159.71,258.62
25-02-2021,443.22,-321.59
26-02-2021,381.99,-1654.76
